Time,Refuel_time,EDC,Cycle,value
0.0,50min,50mM,00,1.7295
0.15,50min,50mM,00,1.8853
0.31666666666666665,50min,50mM,00,1.914
0.48333333333333334,50min,50mM,00,1.9178
0.65,50min,50mM,00,1.9119
0.8166666666666667,50min,50mM,00,1.9069
0.9833333333333333,50min,50mM,00,1.8979
1.15,50min,50mM,00,1.8878
1.3166666666666667,50min,50mM,00,1.8767
1.4833333333333334,50min,50mM,00,1.8642999999999998
1.65,50min,50mM,00,1.8519999999999999
1.8,50min,50mM,00,1.8377
1.9666666666666666,50min,50mM,00,1.8233
2.1333333333333333,50min,50mM,00,1.8088
2.3,50min,50mM,00,1.7936999999999999
2.466666666666667,50min,50mM,00,1.7777999999999998
2.6333333333333333,50min,50mM,00,1.7599
2.8,50min,50mM,00,1.7424
2.966666666666667,50min,50mM,00,1.7231999999999998
3.1333333333333333,50min,50mM,00,1.7039
3.3,50min,50mM,00,1.682
3.466666666666667,50min,50mM,00,1.6581
3.6333333333333333,50min,50mM,00,1.6319
3.783333333333333,50min,50mM,00,1.6045
3.95,50min,50mM,00,1.5767
4.116666666666666,50min,50mM,00,1.5476999999999999
4.283333333333333,50min,50mM,00,1.521
4.45,50min,50mM,00,1.5007
4.616666666666666,50min,50mM,00,1.4782
4.783333333333333,50min,50mM,00,1.4407999999999999
4.95,50min,50mM,00,1.3768
5.116666666666666,50min,50mM,00,1.2867
5.283333333333333,50min,50mM,00,1.1749999999999998
5.45,50min,50mM,00,1.0543
5.616666666666666,50min,50mM,00,0.9359000000000001
5.783333333333333,50min,50mM,00,0.8308000000000001
5.933333333333334,50min,50mM,00,0.7431000000000001
6.1,50min,50mM,00,0.6705
6.266666666666667,50min,50mM,00,0.6123000000000001
6.433333333333334,50min,50mM,00,0.5593
6.6,50min,50mM,00,0.5059
6.766666666666667,50min,50mM,00,0.46149999999999997
6.933333333333334,50min,50mM,00,0.42429999999999995
7.1,50min,50mM,00,0.3958
7.266666666666667,50min,50mM,00,0.3732
7.433333333333334,50min,50mM,00,0.3524
7.6,50min,50mM,00,0.33449999999999996
7.766666666666667,50min,50mM,00,0.31839999999999996
7.916666666666667,50min,50mM,00,0.30579999999999996
8.083333333333334,50min,50mM,00,0.2963
8.25,50min,50mM,00,0.288
8.416666666666666,50min,50mM,00,0.28009999999999996
8.583333333333334,50min,50mM,00,0.2709
8.75,50min,50mM,00,0.2615
8.916666666666666,50min,50mM,00,0.251
9.083333333333334,50min,50mM,00,0.23809999999999998
9.25,50min,50mM,00,0.2269
9.416666666666666,50min,50mM,00,0.21499999999999997
9.583333333333334,50min,50mM,00,0.2032
9.75,50min,50mM,00,0.19279999999999997
9.916666666666666,50min,50mM,00,0.184
10.066666666666666,50min,50mM,00,0.17719999999999997
10.233333333333333,50min,50mM,00,0.1708
10.4,50min,50mM,00,0.1663
10.566666666666666,50min,50mM,00,0.1629
10.733333333333333,50min,50mM,00,0.1594
10.9,50min,50mM,00,0.15610000000000002
11.066666666666666,50min,50mM,00,0.1522
11.233333333333333,50min,50mM,00,0.1481
11.4,50min,50mM,00,0.1432
11.566666666666666,50min,50mM,00,0.1382
11.733333333333333,50min,50mM,00,0.13240000000000002
11.883333333333333,50min,50mM,00,0.12669999999999998
12.05,50min,50mM,00,0.1219
12.216666666666667,50min,50mM,00,0.11939999999999999
12.383333333333333,50min,50mM,00,0.1165
12.55,50min,50mM,00,0.1135
12.716666666666667,50min,50mM,00,0.1113
12.883333333333333,50min,50mM,00,0.10990000000000001
13.05,50min,50mM,00,0.1082
13.216666666666667,50min,50mM,00,0.10629999999999999
13.383333333333333,50min,50mM,00,0.09979999999999999
13.55,50min,50mM,00,0.09499999999999999
13.716666666666667,50min,50mM,00,0.0924
13.883333333333333,50min,50mM,00,0.09069999999999999
14.033333333333333,50min,50mM,00,0.08919999999999999
14.2,50min,50mM,00,0.0878
14.366666666666667,50min,50mM,00,0.0873
14.533333333333333,50min,50mM,00,0.0853
14.7,50min,50mM,00,0.08370000000000001
14.866666666666667,50min,50mM,00,0.08170000000000001
15.033333333333333,50min,50mM,00,0.08
15.2,50min,50mM,00,0.0777
15.366666666666667,50min,50mM,00,0.07540000000000001
15.533333333333333,50min,50mM,00,0.073
15.7,50min,50mM,00,0.0714
15.866666666666667,50min,50mM,00,0.0702
16.016666666666666,50min,50mM,00,0.0687
16.183333333333334,50min,50mM,00,0.06799999999999999
16.35,50min,50mM,00,0.06680000000000001
16.516666666666666,50min,50mM,00,0.0662
16.683333333333334,50min,50mM,00,0.0652
16.85,50min,50mM,00,0.06449999999999999
17.016666666666666,50min,50mM,00,0.06380000000000001
17.183333333333334,50min,50mM,00,0.06319999999999999
17.35,50min,50mM,00,0.0624
17.516666666666666,50min,50mM,00,0.06180000000000001
17.683333333333334,50min,50mM,00,0.06130000000000001
17.85,50min,50mM,00,0.060999999999999985
18.016666666666666,50min,50mM,00,0.06050000000000001
18.183333333333334,50min,50mM,00,0.060300000000000006
18.333333333333332,50min,50mM,00,0.05969999999999999
18.5,50min,50mM,00,0.059399999999999994
18.666666666666668,50min,50mM,00,0.059300000000000005
18.833333333333332,50min,50mM,00,0.058800000000000005
19.0,50min,50mM,00,0.0586
19.166666666666668,50min,50mM,00,0.0586
19.333333333333332,50min,50mM,00,0.05819999999999999
19.5,50min,50mM,00,0.0581
19.666666666666668,50min,50mM,00,0.05819999999999999
19.833333333333332,50min,50mM,00,0.05800000000000001
20.0,50min,50mM,00,0.057800000000000004
20.166666666666668,50min,50mM,00,0.05789999999999999
20.316666666666666,50min,50mM,00,0.05769999999999999
20.483333333333334,50min,50mM,00,0.05739999999999999
20.65,50min,50mM,00,0.05739999999999999
20.816666666666666,50min,50mM,00,0.05739999999999999
20.983333333333334,50min,50mM,00,0.05700000000000001
21.15,50min,50mM,00,0.0571
21.316666666666666,50min,50mM,00,0.05739999999999999
21.483333333333334,50min,50mM,00,0.05719999999999999
21.65,50min,50mM,00,0.05719999999999999
21.816666666666666,50min,50mM,00,0.05689999999999999
21.983333333333334,50min,50mM,00,0.0568
22.15,50min,50mM,00,0.05700000000000001
22.316666666666666,50min,50mM,00,0.0568
22.466666666666665,50min,50mM,00,0.05700000000000001
22.633333333333333,50min,50mM,00,0.05700000000000001
22.8,50min,50mM,00,0.05689999999999999
22.966666666666665,50min,50mM,00,0.05700000000000001
23.133333333333333,50min,50mM,00,0.05689999999999999
23.3,50min,50mM,00,0.05719999999999999
23.466666666666665,50min,50mM,00,0.05689999999999999
23.633333333333333,50min,50mM,00,0.05700000000000001
23.8,50min,50mM,00,0.05689999999999999
23.966666666666665,50min,50mM,00,0.05700000000000001
24.133333333333333,50min,50mM,00,0.05739999999999999
24.3,50min,50mM,00,0.05719999999999999
24.45,50min,50mM,00,0.057300000000000004
24.616666666666667,50min,50mM,00,0.057300000000000004
24.783333333333335,50min,50mM,00,0.05719999999999999
24.95,50min,50mM,00,0.0571
25.116666666666667,50min,50mM,00,0.05719999999999999
25.283333333333335,50min,50mM,00,0.05750000000000001
25.45,50min,50mM,00,0.057300000000000004
25.616666666666667,50min,50mM,00,0.057300000000000004
25.783333333333335,50min,50mM,00,0.05750000000000001
25.95,50min,50mM,00,0.0571
26.116666666666667,50min,50mM,00,0.05739999999999999
26.283333333333335,50min,50mM,00,0.05739999999999999
26.45,50min,50mM,00,0.05719999999999999
26.6,50min,50mM,00,0.05739999999999999
26.766666666666666,50min,50mM,00,0.05750000000000001
26.933333333333334,50min,50mM,00,0.05750000000000001
27.1,50min,50mM,00,0.05750000000000001
27.266666666666666,50min,50mM,00,0.05739999999999999
27.433333333333334,50min,50mM,00,0.0576
27.6,50min,50mM,00,0.0576
27.766666666666666,50min,50mM,00,0.0576
27.933333333333334,50min,50mM,00,0.057800000000000004
28.1,50min,50mM,00,0.05769999999999999
28.266666666666666,50min,50mM,00,0.05769999999999999
28.433333333333334,50min,50mM,00,0.05789999999999999
28.583333333333332,50min,50mM,00,0.0576
28.75,50min,50mM,00,0.05769999999999999
28.916666666666668,50min,50mM,00,0.05750000000000001
29.083333333333332,50min,50mM,00,0.05769999999999999
29.25,50min,50mM,00,0.05750000000000001
29.416666666666668,50min,50mM,00,0.0576
29.583333333333332,50min,50mM,00,0.05769999999999999
29.75,50min,50mM,00,0.05800000000000001
29.916666666666668,50min,50mM,00,0.057800000000000004
30.083333333333332,50min,50mM,00,0.05769999999999999
30.25,50min,50mM,00,0.05789999999999999
30.416666666666668,50min,50mM,00,0.05789999999999999
30.583333333333332,50min,50mM,00,0.057800000000000004
30.733333333333334,50min,50mM,00,0.05800000000000001
30.9,50min,50mM,00,0.05789999999999999
31.066666666666666,50min,50mM,00,0.05750000000000001
31.233333333333334,50min,50mM,00,0.05750000000000001
31.4,50min,50mM,00,0.05789999999999999
31.566666666666666,50min,50mM,00,0.05789999999999999
31.733333333333334,50min,50mM,00,0.0581
31.9,50min,50mM,00,0.057800000000000004
32.06666666666667,50min,50mM,00,0.057800000000000004
32.233333333333334,50min,50mM,00,0.05800000000000001
32.4,50min,50mM,00,0.05800000000000001
32.56666666666667,50min,50mM,00,0.05800000000000001
32.733333333333334,50min,50mM,00,0.05819999999999999
32.88333333333333,50min,50mM,00,0.0581
33.05,50min,50mM,00,0.0581
33.21666666666667,50min,50mM,00,0.05819999999999999
33.38333333333333,50min,50mM,00,0.058300000000000005
33.55,50min,50mM,00,0.05819999999999999
33.71666666666667,50min,50mM,00,0.05800000000000001
33.88333333333333,50min,50mM,00,0.0581
34.05,50min,50mM,00,0.05800000000000001
34.21666666666667,50min,50mM,00,0.05800000000000001
34.38333333333333,50min,50mM,00,0.0581
34.55,50min,50mM,00,0.0581
34.71666666666667,50min,50mM,00,0.05800000000000001
34.86666666666667,50min,50mM,00,0.05819999999999999
35.03333333333333,50min,50mM,00,0.05800000000000001
35.2,50min,50mM,00,0.058399999999999994
35.36666666666667,50min,50mM,00,0.05819999999999999
35.53333333333333,50min,50mM,00,0.058300000000000005
35.7,50min,50mM,00,0.058399999999999994
35.86666666666667,50min,50mM,00,0.058300000000000005
36.03333333333333,50min,50mM,00,0.0581
36.2,50min,50mM,00,0.05850000000000001
36.36666666666667,50min,50mM,00,0.05850000000000001
36.53333333333333,50min,50mM,00,0.058300000000000005
36.7,50min,50mM,00,0.05819999999999999
36.85,50min,50mM,00,0.058300000000000005
37.016666666666666,50min,50mM,00,0.0581
37.18333333333333,50min,50mM,00,0.058399999999999994
37.35,50min,50mM,00,0.058300000000000005
37.516666666666666,50min,50mM,00,0.05819999999999999
37.68333333333333,50min,50mM,00,0.05819999999999999
37.85,50min,50mM,00,0.05850000000000001
38.016666666666666,50min,50mM,00,0.058399999999999994
38.15,50min,50mM,00,0.058399999999999994
38.31666666666667,50min,50mM,00,0.058399999999999994
38.483333333333334,50min,50mM,00,0.058399999999999994
38.65,50min,50mM,00,0.05850000000000001
38.81666666666667,50min,50mM,00,0.0586
38.983333333333334,50min,50mM,00,0.0586
39.15,50min,50mM,00,0.058800000000000005
39.31666666666667,50min,50mM,00,0.05850000000000001
39.46666666666667,50min,50mM,00,0.0586
39.63333333333333,50min,50mM,00,0.0586
39.8,50min,50mM,00,0.058300000000000005
40.0,50min,50mM,00,0.05850000000000001
40.13333333333333,50min,50mM,00,0.058399999999999994
40.3,50min,50mM,00,0.0586
40.46666666666667,50min,50mM,00,0.05850000000000001
40.63333333333333,50min,50mM,00,0.0586
40.8,50min,50mM,00,0.05869999999999999
41.0,50min,50mM,00,0.058800000000000005
41.166666666666664,50min,50mM,00,0.05869999999999999
41.333333333333336,50min,50mM,00,0.058800000000000005
41.45,50min,50mM,00,0.058800000000000005
41.61666666666667,50min,50mM,00,0.058800000000000005
41.78333333333333,50min,50mM,00,0.0586
41.983333333333334,50min,50mM,00,0.058800000000000005
42.11666666666667,50min,50mM,00,0.0586
42.28333333333333,50min,50mM,00,0.0586
42.45,50min,50mM,00,0.05869999999999999
42.61666666666667,50min,50mM,00,0.058399999999999994
42.78333333333333,50min,50mM,00,0.05869999999999999
42.95,50min,50mM,00,0.058899999999999994
43.11666666666667,50min,50mM,00,0.05869999999999999
43.28333333333333,50min,50mM,00,0.058800000000000005
43.43333333333333,50min,50mM,00,0.05869999999999999
43.6,50min,50mM,00,0.058899999999999994
43.766666666666666,50min,50mM,00,0.058899999999999994
43.93333333333333,50min,50mM,00,0.05900000000000001
44.1,50min,50mM,00,0.05900000000000001
44.266666666666666,50min,50mM,00,0.058899999999999994
44.43333333333333,50min,50mM,00,0.058899999999999994
44.6,50min,50mM,00,0.05869999999999999
44.766666666666666,50min,50mM,00,0.058899999999999994
44.93333333333333,50min,50mM,00,0.0586
45.1,50min,50mM,00,0.05869999999999999
45.266666666666666,50min,50mM,00,0.05869999999999999
45.43333333333333,50min,50mM,00,0.058899999999999994
45.583333333333336,50min,50mM,00,0.05900000000000001
45.75,50min,50mM,00,0.058899999999999994
45.916666666666664,50min,50mM,00,0.058800000000000005
46.083333333333336,50min,50mM,00,0.05900000000000001
46.28333333333333,50min,50mM,00,0.058800000000000005
46.45,50min,50mM,00,0.058899999999999994
46.61666666666667,50min,50mM,00,0.058800000000000005
46.78333333333333,50min,50mM,00,0.058899999999999994
46.95,50min,50mM,00,0.058899999999999994
47.11666666666667,50min,50mM,00,0.058899999999999994
47.28333333333333,50min,50mM,00,0.0591
47.416666666666664,50min,50mM,00,0.05900000000000001
47.56666666666667,50min,50mM,00,0.058899999999999994
47.733333333333334,50min,50mM,00,0.05900000000000001
47.95,50min,50mM,00,0.0591
48.06666666666667,50min,50mM,00,0.05900000000000001
48.233333333333334,50min,50mM,00,0.05919999999999999
48.4,50min,50mM,00,0.058899999999999994
48.56666666666667,50min,50mM,00,0.058899999999999994
48.733333333333334,50min,50mM,00,0.05900000000000001
48.9,50min,50mM,00,0.0591
49.06666666666667,50min,50mM,00,0.058899999999999994
49.233333333333334,50min,50mM,00,0.05900000000000001
49.4,50min,50mM,00,0.0591
49.6,50min,50mM,00,0.058899999999999994
0.0,50min,50mM,00,1.7765
0.15,50min,50mM,00,1.9019
0.31666666666666665,50min,50mM,00,1.9236999999999997
0.48333333333333334,50min,50mM,00,1.9261
0.65,50min,50mM,00,1.9102
0.8166666666666667,50min,50mM,00,1.9142
0.9833333333333333,50min,50mM,00,1.9082999999999999
1.15,50min,50mM,00,1.9096
1.3166666666666667,50min,50mM,00,1.8985999999999998
1.4833333333333334,50min,50mM,00,1.8788
1.65,50min,50mM,00,1.8694
1.8,50min,50mM,00,1.8572
1.9666666666666666,50min,50mM,00,1.8465
2.1333333333333333,50min,50mM,00,1.8352
2.3,50min,50mM,00,1.8238999999999999
2.466666666666667,50min,50mM,00,1.811
2.6333333333333333,50min,50mM,00,1.7955999999999999
2.8,50min,50mM,00,1.7802
2.966666666666667,50min,50mM,00,1.7610999999999999
3.1333333333333333,50min,50mM,00,1.7426
3.3,50min,50mM,00,1.7238
3.466666666666667,50min,50mM,00,1.7026
3.6333333333333333,50min,50mM,00,1.6809999999999998
3.783333333333333,50min,50mM,00,1.6402999999999999
3.95,50min,50mM,00,1.6196
4.116666666666666,50min,50mM,00,1.5938999999999999
4.283333333333333,50min,50mM,00,1.5666
4.45,50min,50mM,00,1.5358999999999998
4.616666666666666,50min,50mM,00,1.5009
4.783333333333333,50min,50mM,00,1.4692999999999998
4.95,50min,50mM,00,1.4387999999999999
5.116666666666666,50min,50mM,00,1.3972
5.283333333333333,50min,50mM,00,1.3340999999999998
5.45,50min,50mM,00,1.2489
5.616666666666666,50min,50mM,00,1.1436
5.783333333333333,50min,50mM,00,1.0365
5.933333333333334,50min,50mM,00,0.92
6.1,50min,50mM,00,0.8172
6.266666666666667,50min,50mM,00,0.7353000000000001
6.433333333333334,50min,50mM,00,0.6543
6.6,50min,50mM,00,0.5842
6.766666666666667,50min,50mM,00,0.5211
6.933333333333334,50min,50mM,00,0.4774
7.1,50min,50mM,00,0.43939999999999996
7.266666666666667,50min,50mM,00,0.4006
7.433333333333334,50min,50mM,00,0.368
7.6,50min,50mM,00,0.3417
7.766666666666667,50min,50mM,00,0.3223
7.916666666666667,50min,50mM,00,0.30519999999999997
8.083333333333334,50min,50mM,00,0.2918
8.25,50min,50mM,00,0.2777
8.416666666666666,50min,50mM,00,0.2673
8.583333333333334,50min,50mM,00,0.2567
8.75,50min,50mM,00,0.24579999999999996
8.916666666666666,50min,50mM,00,0.2363
9.083333333333334,50min,50mM,00,0.22799999999999998
9.25,50min,50mM,00,0.22109999999999996
9.416666666666666,50min,50mM,00,0.21399999999999997
9.583333333333334,50min,50mM,00,0.20789999999999997
9.75,50min,50mM,00,0.20129999999999998
9.916666666666666,50min,50mM,00,0.196
10.066666666666666,50min,50mM,00,0.19079999999999997
10.233333333333333,50min,50mM,00,0.1855
10.4,50min,50mM,00,0.1805
10.566666666666666,50min,50mM,00,0.1755
10.733333333333333,50min,50mM,00,0.17049999999999998
10.9,50min,50mM,00,0.16510000000000002
11.066666666666666,50min,50mM,00,0.16049999999999998
11.233333333333333,50min,50mM,00,0.15599999999999997
11.4,50min,50mM,00,0.15139999999999998
11.566666666666666,50min,50mM,00,0.14789999999999998
11.733333333333333,50min,50mM,00,0.14389999999999997
11.883333333333333,50min,50mM,00,0.14079999999999998
12.05,50min,50mM,00,0.1377
12.216666666666667,50min,50mM,00,0.13479999999999998
12.383333333333333,50min,50mM,00,0.13190000000000002
12.55,50min,50mM,00,0.12919999999999998
12.716666666666667,50min,50mM,00,0.1266
12.883333333333333,50min,50mM,00,0.12380000000000001
13.05,50min,50mM,00,0.1213
13.216666666666667,50min,50mM,00,0.1191
13.383333333333333,50min,50mM,00,0.11620000000000001
13.55,50min,50mM,00,0.11370000000000001
13.716666666666667,50min,50mM,00,0.1115
13.883333333333333,50min,50mM,00,0.1092
14.033333333333333,50min,50mM,00,0.10729999999999999
14.2,50min,50mM,00,0.105
14.366666666666667,50min,50mM,00,0.10360000000000001
14.533333333333333,50min,50mM,00,0.10160000000000001
14.7,50min,50mM,00,0.09960000000000001
14.866666666666667,50min,50mM,00,0.0979
15.033333333333333,50min,50mM,00,0.09599999999999999
15.2,50min,50mM,00,0.09430000000000001
15.366666666666667,50min,50mM,00,0.09249999999999999
15.533333333333333,50min,50mM,00,0.0909
15.7,50min,50mM,00,0.0894
15.866666666666667,50min,50mM,00,0.0878
16.016666666666666,50min,50mM,00,0.08639999999999999
16.183333333333334,50min,50mM,00,0.0851
16.35,50min,50mM,00,0.08339999999999999
16.516666666666666,50min,50mM,00,0.0823
16.683333333333334,50min,50mM,00,0.08070000000000001
16.85,50min,50mM,00,0.07909999999999999
17.016666666666666,50min,50mM,00,0.07790000000000001
17.183333333333334,50min,50mM,00,0.07690000000000001
17.35,50min,50mM,00,0.07540000000000001
17.516666666666666,50min,50mM,00,0.07409999999999999
17.683333333333334,50min,50mM,00,0.07279999999999999
17.85,50min,50mM,00,0.07179999999999999
18.016666666666666,50min,50mM,00,0.0705
18.183333333333334,50min,50mM,00,0.0694
18.333333333333332,50min,50mM,00,0.0687
18.5,50min,50mM,00,0.06760000000000001
18.666666666666668,50min,50mM,00,0.06699999999999999
18.833333333333332,50min,50mM,00,0.06580000000000001
19.0,50min,50mM,00,0.0651
19.166666666666668,50min,50mM,00,0.06430000000000001
19.333333333333332,50min,50mM,00,0.06349999999999999
19.5,50min,50mM,00,0.06280000000000001
19.666666666666668,50min,50mM,00,0.0619
19.833333333333332,50min,50mM,00,0.061499999999999985
20.0,50min,50mM,00,0.06050000000000001
20.166666666666668,50min,50mM,00,0.059800000000000006
20.316666666666666,50min,50mM,00,0.05900000000000001
20.483333333333334,50min,50mM,00,0.0581
20.65,50min,50mM,00,0.0576
20.816666666666666,50min,50mM,00,0.05719999999999999
20.983333333333334,50min,50mM,00,0.05650000000000001
21.15,50min,50mM,00,0.05589999999999999
21.316666666666666,50min,50mM,00,0.0561
21.483333333333334,50min,50mM,00,0.055099999999999996
21.65,50min,50mM,00,0.05500000000000001
21.816666666666666,50min,50mM,00,0.05439999999999999
21.983333333333334,50min,50mM,00,0.05389999999999999
22.15,50min,50mM,00,0.053599999999999995
22.316666666666666,50min,50mM,00,0.05339999999999999
22.466666666666665,50min,50mM,00,0.053099999999999994
22.633333333333333,50min,50mM,00,0.05289999999999999
22.8,50min,50mM,00,0.052500000000000005
22.966666666666665,50min,50mM,00,0.0523
23.133333333333333,50min,50mM,00,0.052099999999999994
23.3,50min,50mM,00,0.0523
23.466666666666665,50min,50mM,00,0.05239999999999999
23.633333333333333,50min,50mM,00,0.052000000000000005
23.8,50min,50mM,00,0.05159999999999999
23.966666666666665,50min,50mM,00,0.051500000000000004
24.133333333333333,50min,50mM,00,0.05170000000000001
24.3,50min,50mM,00,0.05170000000000001
24.45,50min,50mM,00,0.05120000000000001
24.616666666666667,50min,50mM,00,0.051500000000000004
24.783333333333335,50min,50mM,00,0.051500000000000004
24.95,50min,50mM,00,0.05120000000000001
25.116666666666667,50min,50mM,00,0.0513
25.283333333333335,50min,50mM,00,0.051500000000000004
25.45,50min,50mM,00,0.05170000000000001
25.616666666666667,50min,50mM,00,0.0513
25.783333333333335,50min,50mM,00,0.05109999999999999
25.95,50min,50mM,00,0.05109999999999999
26.116666666666667,50min,50mM,00,0.05109999999999999
26.283333333333335,50min,50mM,00,0.051000000000000004
26.45,50min,50mM,00,0.0508
26.6,50min,50mM,00,0.05089999999999999
26.766666666666666,50min,50mM,00,0.05120000000000001
26.933333333333334,50min,50mM,00,0.05170000000000001
27.1,50min,50mM,00,0.05139999999999999
27.266666666666666,50min,50mM,00,0.051000000000000004
27.433333333333334,50min,50mM,00,0.05109999999999999
27.6,50min,50mM,00,0.05089999999999999
27.766666666666666,50min,50mM,00,0.05120000000000001
27.933333333333334,50min,50mM,00,0.05120000000000001
28.1,50min,50mM,00,0.05139999999999999
28.266666666666666,50min,50mM,00,0.05159999999999999
28.433333333333334,50min,50mM,00,0.05089999999999999
28.583333333333332,50min,50mM,00,0.05139999999999999
28.75,50min,50mM,00,0.05109999999999999
28.916666666666668,50min,50mM,00,0.0518
29.083333333333332,50min,50mM,00,0.05070000000000001
29.25,50min,50mM,00,0.05070000000000001
29.416666666666668,50min,50mM,00,0.0508
29.583333333333332,50min,50mM,00,0.05089999999999999
29.75,50min,50mM,00,0.05109999999999999
29.916666666666668,50min,50mM,00,0.051000000000000004
30.083333333333332,50min,50mM,00,0.05120000000000001
30.25,50min,50mM,00,0.05120000000000001
30.416666666666668,50min,50mM,00,0.05089999999999999
30.583333333333332,50min,50mM,00,0.05120000000000001
30.733333333333334,50min,50mM,00,0.0513
30.9,50min,50mM,00,0.051000000000000004
31.066666666666666,50min,50mM,00,0.05120000000000001
31.233333333333334,50min,50mM,00,0.05109999999999999
31.4,50min,50mM,00,0.05139999999999999
31.566666666666666,50min,50mM,00,0.05189999999999999
31.733333333333334,50min,50mM,00,0.0518
31.9,50min,50mM,00,0.05170000000000001
32.06666666666667,50min,50mM,00,0.05120000000000001
32.233333333333334,50min,50mM,00,0.05109999999999999
32.4,50min,50mM,00,0.0513
32.56666666666667,50min,50mM,00,0.0513
32.733333333333334,50min,50mM,00,0.052000000000000005
32.88333333333333,50min,50mM,00,0.0513
33.05,50min,50mM,00,0.051500000000000004
33.21666666666667,50min,50mM,00,0.0513
33.38333333333333,50min,50mM,00,0.05120000000000001
33.55,50min,50mM,00,0.05109999999999999
33.71666666666667,50min,50mM,00,0.05120000000000001
33.88333333333333,50min,50mM,00,0.051500000000000004
34.05,50min,50mM,00,0.0513
34.21666666666667,50min,50mM,00,0.0513
34.38333333333333,50min,50mM,00,0.05139999999999999
34.55,50min,50mM,00,0.0513
34.71666666666667,50min,50mM,00,0.0513
34.86666666666667,50min,50mM,00,0.0513
35.03333333333333,50min,50mM,00,0.0513
35.2,50min,50mM,00,0.05159999999999999
35.36666666666667,50min,50mM,00,0.05139999999999999
35.53333333333333,50min,50mM,00,0.0513
35.7,50min,50mM,00,0.05159999999999999
35.86666666666667,50min,50mM,00,0.0513
36.03333333333333,50min,50mM,00,0.05139999999999999
36.2,50min,50mM,00,0.052000000000000005
36.36666666666667,50min,50mM,00,0.052000000000000005
36.53333333333333,50min,50mM,00,0.05159999999999999
36.7,50min,50mM,00,0.05139999999999999
36.85,50min,50mM,00,0.05159999999999999
37.016666666666666,50min,50mM,00,0.05220000000000001
37.18333333333333,50min,50mM,00,0.052000000000000005
37.35,50min,50mM,00,0.052000000000000005
37.516666666666666,50min,50mM,00,0.0518
37.68333333333333,50min,50mM,00,0.0513
37.85,50min,50mM,00,0.05159999999999999
38.016666666666666,50min,50mM,00,0.052000000000000005
38.15,50min,50mM,00,0.052099999999999994
38.31666666666667,50min,50mM,00,0.05159999999999999
38.483333333333334,50min,50mM,00,0.051500000000000004
38.65,50min,50mM,00,0.051500000000000004
38.81666666666667,50min,50mM,00,0.05189999999999999
38.983333333333334,50min,50mM,00,0.0523
39.15,50min,50mM,00,0.05220000000000001
39.31666666666667,50min,50mM,00,0.052099999999999994
39.46666666666667,50min,50mM,00,0.05239999999999999
39.63333333333333,50min,50mM,00,0.05239999999999999
39.8,50min,50mM,00,0.05239999999999999
40.0,50min,50mM,00,0.052099999999999994
40.13333333333333,50min,50mM,00,0.05220000000000001
40.3,50min,50mM,00,0.05220000000000001
40.46666666666667,50min,50mM,00,0.0523
40.63333333333333,50min,50mM,00,0.05239999999999999
40.8,50min,50mM,00,0.0523
41.0,50min,50mM,00,0.05220000000000001
41.166666666666664,50min,50mM,00,0.052500000000000005
41.333333333333336,50min,50mM,00,0.052500000000000005
41.45,50min,50mM,00,0.052599999999999994
41.61666666666667,50min,50mM,00,0.052500000000000005
41.78333333333333,50min,50mM,00,0.052099999999999994
41.983333333333334,50min,50mM,00,0.0523
42.11666666666667,50min,50mM,00,0.052599999999999994
42.28333333333333,50min,50mM,00,0.0528
42.45,50min,50mM,00,0.05189999999999999
42.61666666666667,50min,50mM,00,0.05159999999999999
42.78333333333333,50min,50mM,00,0.05189999999999999
42.95,50min,50mM,00,0.05189999999999999
43.11666666666667,50min,50mM,00,0.052500000000000005
43.28333333333333,50min,50mM,00,0.052099999999999994
43.43333333333333,50min,50mM,00,0.05159999999999999
43.6,50min,50mM,00,0.05239999999999999
43.766666666666666,50min,50mM,00,0.052500000000000005
43.93333333333333,50min,50mM,00,0.052599999999999994
44.1,50min,50mM,00,0.05239999999999999
44.266666666666666,50min,50mM,00,0.052500000000000005
44.43333333333333,50min,50mM,00,0.05270000000000001
44.6,50min,50mM,00,0.052500000000000005
44.766666666666666,50min,50mM,00,0.052500000000000005
44.93333333333333,50min,50mM,00,0.05189999999999999
45.1,50min,50mM,00,0.05239999999999999
45.266666666666666,50min,50mM,00,0.05239999999999999
45.43333333333333,50min,50mM,00,0.05239999999999999
45.583333333333336,50min,50mM,00,0.05239999999999999
45.75,50min,50mM,00,0.052599999999999994
45.916666666666664,50min,50mM,00,0.052599999999999994
46.083333333333336,50min,50mM,00,0.05239999999999999
46.28333333333333,50min,50mM,00,0.052599999999999994
46.45,50min,50mM,00,0.052099999999999994
46.61666666666667,50min,50mM,00,0.052099999999999994
46.78333333333333,50min,50mM,00,0.052599999999999994
46.95,50min,50mM,00,0.052599999999999994
47.11666666666667,50min,50mM,00,0.05220000000000001
47.28333333333333,50min,50mM,00,0.0528
47.416666666666664,50min,50mM,00,0.052000000000000005
47.56666666666667,50min,50mM,00,0.052500000000000005
47.733333333333334,50min,50mM,00,0.05239999999999999
47.95,50min,50mM,00,0.05270000000000001
48.06666666666667,50min,50mM,00,0.052599999999999994
48.233333333333334,50min,50mM,00,0.052099999999999994
48.4,50min,50mM,00,0.05239999999999999
48.56666666666667,50min,50mM,00,0.0523
48.733333333333334,50min,50mM,00,0.053000000000000005
48.9,50min,50mM,00,0.05189999999999999
49.06666666666667,50min,50mM,00,0.05189999999999999
49.233333333333334,50min,50mM,00,0.052000000000000005
49.4,50min,50mM,00,0.05270000000000001
49.6,50min,50mM,00,0.052500000000000005
50.0,50min,50mM,01,0.2672
50.15,50min,50mM,01,1.0246
50.31666666666667,50min,50mM,01,1.5829
50.483333333333334,50min,50mM,01,1.6694
50.65,50min,50mM,01,1.7494999999999998
50.81666666666667,50min,50mM,01,1.7485
50.983333333333334,50min,50mM,01,1.7203
51.15,50min,50mM,01,1.714
51.31666666666667,50min,50mM,01,1.6986999999999999
51.46666666666667,50min,50mM,01,1.7152999999999998
51.63333333333333,50min,50mM,01,1.7188999999999999
51.8,50min,50mM,01,1.6825999999999999
51.96666666666667,50min,50mM,01,1.6477
52.13333333333333,50min,50mM,01,1.6536
52.3,50min,50mM,01,1.666
52.46666666666667,50min,50mM,01,1.6658
52.63333333333333,50min,50mM,01,1.6668999999999998
52.8,50min,50mM,01,1.6706999999999999
52.96666666666667,50min,50mM,01,1.6705999999999999
53.13333333333333,50min,50mM,01,1.6359
53.3,50min,50mM,01,1.5648
53.45,50min,50mM,01,1.4857
53.61666666666667,50min,50mM,01,1.3704999999999998
53.78333333333333,50min,50mM,01,1.2745
53.95,50min,50mM,01,1.1757
54.11666666666667,50min,50mM,01,1.0779999999999998
54.28333333333333,50min,50mM,01,0.9766
54.45,50min,50mM,01,0.8842
54.61666666666667,50min,50mM,01,0.8229000000000001
54.78333333333333,50min,50mM,01,0.7734000000000001
54.95,50min,50mM,01,0.7176
55.11666666666667,50min,50mM,01,0.6468
55.28333333333333,50min,50mM,01,0.5555
55.45,50min,50mM,01,0.4601
55.6,50min,50mM,01,0.3724
55.766666666666666,50min,50mM,01,0.28859999999999997
55.93333333333334,50min,50mM,01,0.21989999999999998
56.1,50min,50mM,01,0.1618
56.266666666666666,50min,50mM,01,0.11819999999999999
56.43333333333334,50min,50mM,01,0.08919999999999999
56.6,50min,50mM,01,0.0732
56.766666666666666,50min,50mM,01,0.0657
56.93333333333334,50min,50mM,01,0.06319999999999999
57.1,50min,50mM,01,0.0644
57.266666666666666,50min,50mM,01,0.0667
57.43333333333334,50min,50mM,01,0.0677
57.583333333333336,50min,50mM,01,0.0659
57.75,50min,50mM,01,0.0611
57.916666666666664,50min,50mM,01,0.059300000000000005
58.083333333333336,50min,50mM,01,0.058800000000000005
58.25,50min,50mM,01,0.058800000000000005
58.416666666666664,50min,50mM,01,0.058800000000000005
58.583333333333336,50min,50mM,01,0.0586
58.75,50min,50mM,01,0.05850000000000001
58.916666666666664,50min,50mM,01,0.0586
59.083333333333336,50min,50mM,01,0.05819999999999999
59.25,50min,50mM,01,0.05850000000000001
59.416666666666664,50min,50mM,01,0.05869999999999999
59.583333333333336,50min,50mM,01,0.058300000000000005
59.733333333333334,50min,50mM,01,0.058300000000000005
59.9,50min,50mM,01,0.0586
60.06666666666666,50min,50mM,01,0.058399999999999994
60.233333333333334,50min,50mM,01,0.058399999999999994
60.4,50min,50mM,01,0.058300000000000005
60.56666666666666,50min,50mM,01,0.058300000000000005
60.733333333333334,50min,50mM,01,0.05869999999999999
60.9,50min,50mM,01,0.058899999999999994
61.06666666666666,50min,50mM,01,0.05919999999999999
61.233333333333334,50min,50mM,01,0.0596
61.4,50min,50mM,01,0.0596
61.56666666666666,50min,50mM,01,0.0596
61.733333333333334,50min,50mM,01,0.0596
61.9,50min,50mM,01,0.0596
62.05,50min,50mM,01,0.05969999999999999
62.21666666666667,50min,50mM,01,0.0596
62.38333333333333,50min,50mM,01,0.059800000000000006
62.55,50min,50mM,01,0.05950000000000001
62.71666666666667,50min,50mM,01,0.059800000000000006
62.88333333333333,50min,50mM,01,0.0596
63.05,50min,50mM,01,0.059300000000000005
63.21666666666667,50min,50mM,01,0.059300000000000005
63.38333333333333,50min,50mM,01,0.059399999999999994
63.55,50min,50mM,01,0.0596
63.71666666666667,50min,50mM,01,0.0596
63.86666666666667,50min,50mM,01,0.05950000000000001
64.03333333333333,50min,50mM,01,0.059399999999999994
64.2,50min,50mM,01,0.0596
64.36666666666667,50min,50mM,01,0.0596
64.53333333333333,50min,50mM,01,0.059399999999999994
64.7,50min,50mM,01,0.05950000000000001
64.86666666666667,50min,50mM,01,0.05950000000000001
65.03333333333333,50min,50mM,01,0.05950000000000001
65.2,50min,50mM,01,0.059399999999999994
65.36666666666667,50min,50mM,01,0.0596
65.53333333333333,50min,50mM,01,0.05950000000000001
65.7,50min,50mM,01,0.059399999999999994
65.86666666666667,50min,50mM,01,0.05950000000000001
66.01666666666667,50min,50mM,01,0.0596
66.18333333333334,50min,50mM,01,0.0596
66.35,50min,50mM,01,0.0596
66.51666666666667,50min,50mM,01,0.0596
66.68333333333334,50min,50mM,01,0.0596
66.85,50min,50mM,01,0.05950000000000001
67.01666666666667,50min,50mM,01,0.0596
67.18333333333334,50min,50mM,01,0.05969999999999999
67.35,50min,50mM,01,0.0596
67.51666666666667,50min,50mM,01,0.05950000000000001
67.68333333333334,50min,50mM,01,0.05969999999999999
67.85,50min,50mM,01,0.0596
68.0,50min,50mM,01,0.0596
68.16666666666667,50min,50mM,01,0.05969999999999999
68.33333333333333,50min,50mM,01,0.05969999999999999
68.5,50min,50mM,01,0.05950000000000001
68.66666666666667,50min,50mM,01,0.0596
68.83333333333333,50min,50mM,01,0.05950000000000001
69.0,50min,50mM,01,0.05969999999999999
69.16666666666667,50min,50mM,01,0.059800000000000006
69.33333333333333,50min,50mM,01,0.05969999999999999
69.5,50min,50mM,01,0.0596
69.66666666666667,50min,50mM,01,0.05969999999999999
69.83333333333333,50min,50mM,01,0.0596
69.98333333333333,50min,50mM,01,0.05969999999999999
70.15,50min,50mM,01,0.05950000000000001
70.31666666666666,50min,50mM,01,0.0596
70.48333333333333,50min,50mM,01,0.05969999999999999
70.65,50min,50mM,01,0.05969999999999999
70.81666666666666,50min,50mM,01,0.05969999999999999
70.98333333333333,50min,50mM,01,0.059800000000000006
71.15,50min,50mM,01,0.05950000000000001
71.31666666666666,50min,50mM,01,0.0596
71.48333333333333,50min,50mM,01,0.0596
71.63333333333333,50min,50mM,01,0.05969999999999999
71.8,50min,50mM,01,0.06000000000000001
71.96666666666667,50min,50mM,01,0.059899999999999995
72.13333333333333,50min,50mM,01,0.059800000000000006
72.3,50min,50mM,01,0.0596
72.46666666666667,50min,50mM,01,0.06000000000000001
72.63333333333333,50min,50mM,01,0.05969999999999999
72.8,50min,50mM,01,0.059800000000000006
72.95,50min,50mM,01,0.0596
73.11666666666667,50min,50mM,01,0.06000000000000001
73.28333333333333,50min,50mM,01,0.059899999999999995
73.45,50min,50mM,01,0.059800000000000006
73.61666666666667,50min,50mM,01,0.059800000000000006
73.78333333333333,50min,50mM,01,0.059800000000000006
73.95,50min,50mM,01,0.059899999999999995
74.11666666666667,50min,50mM,01,0.059800000000000006
74.28333333333333,50min,50mM,01,0.05969999999999999
74.45,50min,50mM,01,0.059800000000000006
74.61666666666667,50min,50mM,01,0.059800000000000006
74.78333333333333,50min,50mM,01,0.059800000000000006
74.93333333333334,50min,50mM,01,0.059800000000000006
75.1,50min,50mM,01,0.059800000000000006
75.26666666666667,50min,50mM,01,0.059800000000000006
75.43333333333334,50min,50mM,01,0.059800000000000006
75.6,50min,50mM,01,0.059800000000000006
75.76666666666667,50min,50mM,01,0.059899999999999995
75.93333333333334,50min,50mM,01,0.059800000000000006
76.1,50min,50mM,01,0.05969999999999999
76.26666666666667,50min,50mM,01,0.06000000000000001
76.43333333333334,50min,50mM,01,0.06000000000000001
76.6,50min,50mM,01,0.06000000000000001
76.76666666666667,50min,50mM,01,0.06000000000000001
76.93333333333334,50min,50mM,01,0.06000000000000001
77.1,50min,50mM,01,0.059800000000000006
77.25,50min,50mM,01,0.06019999999999999
77.41666666666667,50min,50mM,01,0.06000000000000001
77.58333333333333,50min,50mM,01,0.059899999999999995
77.75,50min,50mM,01,0.059800000000000006
77.91666666666667,50min,50mM,01,0.059899999999999995
78.08333333333333,50min,50mM,01,0.06000000000000001
78.25,50min,50mM,01,0.059899999999999995
78.41666666666667,50min,50mM,01,0.06000000000000001
78.58333333333333,50min,50mM,01,0.06000000000000001
78.75,50min,50mM,01,0.059899999999999995
78.91666666666667,50min,50mM,01,0.059899999999999995
79.08333333333333,50min,50mM,01,0.06000000000000001
79.23333333333333,50min,50mM,01,0.0601
79.4,50min,50mM,01,0.0601
79.56666666666666,50min,50mM,01,0.059899999999999995
79.73333333333333,50min,50mM,01,0.06019999999999999
79.9,50min,50mM,01,0.06000000000000001
80.06666666666666,50min,50mM,01,0.059800000000000006
80.23333333333333,50min,50mM,01,0.06000000000000001
80.4,50min,50mM,01,0.059800000000000006
80.56666666666666,50min,50mM,01,0.06000000000000001
80.73333333333333,50min,50mM,01,0.059899999999999995
80.9,50min,50mM,01,0.059800000000000006
81.06666666666666,50min,50mM,01,0.059800000000000006
81.23333333333333,50min,50mM,01,0.06000000000000001
81.38333333333333,50min,50mM,01,0.059800000000000006
81.55,50min,50mM,01,0.059899999999999995
81.71666666666667,50min,50mM,01,0.0601
81.88333333333333,50min,50mM,01,0.059899999999999995
82.05,50min,50mM,01,0.06019999999999999
82.21666666666667,50min,50mM,01,0.06000000000000001
82.38333333333333,50min,50mM,01,0.06000000000000001
82.55,50min,50mM,01,0.0601
82.71666666666667,50min,50mM,01,0.0601
82.91666666666666,50min,50mM,01,0.0601
83.05,50min,50mM,01,0.06000000000000001
83.21666666666667,50min,50mM,01,0.06000000000000001
83.36666666666667,50min,50mM,01,0.0601
83.53333333333333,50min,50mM,01,0.06019999999999999
83.7,50min,50mM,01,0.06019999999999999
83.86666666666667,50min,50mM,01,0.06019999999999999
84.03333333333333,50min,50mM,01,0.0601
84.2,50min,50mM,01,0.06000000000000001
84.36666666666667,50min,50mM,01,0.06000000000000001
84.56666666666666,50min,50mM,01,0.0601
84.7,50min,50mM,01,0.059800000000000006
84.86666666666667,50min,50mM,01,0.0601
85.03333333333333,50min,50mM,01,0.0601
85.2,50min,50mM,01,0.0601
85.36666666666667,50min,50mM,01,0.06019999999999999
85.51666666666667,50min,50mM,01,0.06019999999999999
85.68333333333334,50min,50mM,01,0.06019999999999999
85.85,50min,50mM,01,0.060300000000000006
86.01666666666667,50min,50mM,01,0.06019999999999999
86.18333333333334,50min,50mM,01,0.06019999999999999
86.35,50min,50mM,01,0.06019999999999999
86.51666666666667,50min,50mM,01,0.06019999999999999
86.68333333333334,50min,50mM,01,0.0601
86.85,50min,50mM,01,0.06019999999999999
87.01666666666667,50min,50mM,01,0.06019999999999999
87.18333333333334,50min,50mM,01,0.0601
87.35,50min,50mM,01,0.060300000000000006
87.55,50min,50mM,01,0.060300000000000006
87.7,50min,50mM,01,0.060300000000000006
87.86666666666667,50min,50mM,01,0.06000000000000001
88.03333333333333,50min,50mM,01,0.0601
88.16666666666666,50min,50mM,01,0.0601
88.33333333333334,50min,50mM,01,0.060300000000000006
88.5,50min,50mM,01,0.0601
88.66666666666666,50min,50mM,01,0.060399999999999995
88.86666666666667,50min,50mM,01,0.06019999999999999
89.0,50min,50mM,01,0.060300000000000006
89.16666666666666,50min,50mM,01,0.06019999999999999
89.33333333333334,50min,50mM,01,0.060300000000000006
89.5,50min,50mM,01,0.060300000000000006
89.65,50min,50mM,01,0.06019999999999999
89.81666666666666,50min,50mM,01,0.060399999999999995
89.98333333333333,50min,50mM,01,0.0601
90.15,50min,50mM,01,0.060399999999999995
90.31666666666666,50min,50mM,01,0.060399999999999995
90.48333333333333,50min,50mM,01,0.060300000000000006
90.65,50min,50mM,01,0.060300000000000006
90.85,50min,50mM,01,0.060399999999999995
91.01666666666667,50min,50mM,01,0.060300000000000006
91.18333333333334,50min,50mM,01,0.06019999999999999
91.31666666666666,50min,50mM,01,0.06000000000000001
91.48333333333333,50min,50mM,01,0.0601
91.65,50min,50mM,01,0.060300000000000006
91.8,50min,50mM,01,0.060399999999999995
91.96666666666667,50min,50mM,01,0.060399999999999995
92.13333333333333,50min,50mM,01,0.060300000000000006
92.3,50min,50mM,01,0.060399999999999995
92.46666666666667,50min,50mM,01,0.060300000000000006
92.63333333333333,50min,50mM,01,0.060300000000000006
92.8,50min,50mM,01,0.06019999999999999
92.96666666666667,50min,50mM,01,0.060300000000000006
93.13333333333333,50min,50mM,01,0.06019999999999999
93.3,50min,50mM,01,0.06019999999999999
93.5,50min,50mM,01,0.060399999999999995
93.66666666666666,50min,50mM,01,0.06050000000000001
93.81666666666666,50min,50mM,01,0.060399999999999995
93.98333333333333,50min,50mM,01,0.060300000000000006
94.15,50min,50mM,01,0.060399999999999995
94.31666666666666,50min,50mM,01,0.06019999999999999
94.48333333333333,50min,50mM,01,0.060399999999999995
94.65,50min,50mM,01,0.06069999999999999
94.81666666666666,50min,50mM,01,0.06019999999999999
94.98333333333333,50min,50mM,01,0.06019999999999999
95.15,50min,50mM,01,0.0606
95.31666666666666,50min,50mM,01,0.060399999999999995
95.48333333333333,50min,50mM,01,0.06050000000000001
95.63333333333333,50min,50mM,01,0.060399999999999995
95.8,50min,50mM,01,0.060399999999999995
95.96666666666667,50min,50mM,01,0.060399999999999995
96.13333333333333,50min,50mM,01,0.06050000000000001
96.3,50min,50mM,01,0.06000000000000001
96.46666666666667,50min,50mM,01,0.060300000000000006
96.63333333333333,50min,50mM,01,0.060399999999999995
96.8,50min,50mM,01,0.060300000000000006
96.96666666666667,50min,50mM,01,0.060399999999999995
97.13333333333333,50min,50mM,01,0.060399999999999995
97.3,50min,50mM,01,0.060399999999999995
97.46666666666667,50min,50mM,01,0.060399999999999995
97.61666666666667,50min,50mM,01,0.06019999999999999
97.78333333333333,50min,50mM,01,0.060399999999999995
97.95,50min,50mM,01,0.060399999999999995
98.11666666666667,50min,50mM,01,0.06050000000000001
98.28333333333333,50min,50mM,01,0.060399999999999995
98.45,50min,50mM,01,0.060399999999999995
98.61666666666667,50min,50mM,01,0.060399999999999995
98.78333333333333,50min,50mM,01,0.06069999999999999
98.95,50min,50mM,01,0.060399999999999995
99.11666666666667,50min,50mM,01,0.06019999999999999
99.28333333333333,50min,50mM,01,0.06050000000000001
99.45,50min,50mM,01,0.0606
99.6,50min,50mM,01,0.060399999999999995
50.0,50min,50mM,01,0.16759999999999997
50.15,50min,50mM,01,1.3122
50.31666666666667,50min,50mM,01,1.6075
50.483333333333334,50min,50mM,01,1.7268
50.65,50min,50mM,01,1.8016999999999999
50.81666666666667,50min,50mM,01,1.8499999999999999
50.983333333333334,50min,50mM,01,1.8395
51.15,50min,50mM,01,1.8104
51.31666666666667,50min,50mM,01,1.7857999999999998
51.46666666666667,50min,50mM,01,1.7707
51.63333333333333,50min,50mM,01,1.7519
51.8,50min,50mM,01,1.7256
51.96666666666667,50min,50mM,01,1.6888999999999998
52.13333333333333,50min,50mM,01,1.6886999999999999
52.3,50min,50mM,01,1.7096
52.46666666666667,50min,50mM,01,1.7081
52.63333333333333,50min,50mM,01,1.7004
52.8,50min,50mM,01,1.7095
52.96666666666667,50min,50mM,01,1.7247999999999999
53.13333333333333,50min,50mM,01,1.6918
53.3,50min,50mM,01,1.6415
53.45,50min,50mM,01,1.5755
53.61666666666667,50min,50mM,01,1.5010999999999999
53.78333333333333,50min,50mM,01,1.4119
53.95,50min,50mM,01,1.3116999999999999
54.11666666666667,50min,50mM,01,1.2376
54.28333333333333,50min,50mM,01,1.0975
54.45,50min,50mM,01,0.8808
54.61666666666667,50min,50mM,01,0.6706000000000001
54.78333333333333,50min,50mM,01,0.49189999999999995
54.95,50min,50mM,01,0.3497
55.11666666666667,50min,50mM,01,0.249
55.28333333333333,50min,50mM,01,0.17729999999999996
55.45,50min,50mM,01,0.12499999999999999
55.6,50min,50mM,01,0.08969999999999999
55.766666666666666,50min,50mM,01,0.07079999999999999
55.93333333333334,50min,50mM,01,0.06269999999999999
56.1,50min,50mM,01,0.061399999999999996
56.266666666666666,50min,50mM,01,0.0647
56.43333333333334,50min,50mM,01,0.07029999999999999
56.6,50min,50mM,01,0.077
56.766666666666666,50min,50mM,01,0.0768
56.93333333333334,50min,50mM,01,0.0704
57.1,50min,50mM,01,0.06330000000000001
57.266666666666666,50min,50mM,01,0.05739999999999999
57.43333333333334,50min,50mM,01,0.055099999999999996
57.583333333333336,50min,50mM,01,0.054099999999999995
57.75,50min,50mM,01,0.054000000000000006
57.916666666666664,50min,50mM,01,0.05420000000000001
58.083333333333336,50min,50mM,01,0.05370000000000001
58.25,50min,50mM,01,0.05439999999999999
58.416666666666664,50min,50mM,01,0.05389999999999999
58.583333333333336,50min,50mM,01,0.054000000000000006
58.75,50min,50mM,01,0.05439999999999999
58.916666666666664,50min,50mM,01,0.05439999999999999
59.083333333333336,50min,50mM,01,0.05450000000000001
59.25,50min,50mM,01,0.05489999999999999
59.416666666666664,50min,50mM,01,0.055199999999999985
59.583333333333336,50min,50mM,01,0.05500000000000001
59.733333333333334,50min,50mM,01,0.055199999999999985
59.9,50min,50mM,01,0.055099999999999996
60.06666666666666,50min,50mM,01,0.055099999999999996
60.233333333333334,50min,50mM,01,0.05539999999999999
60.4,50min,50mM,01,0.055099999999999996
60.56666666666666,50min,50mM,01,0.055199999999999985
60.733333333333334,50min,50mM,01,0.055199999999999985
60.9,50min,50mM,01,0.05500000000000001
61.06666666666666,50min,50mM,01,0.055099999999999996
61.233333333333334,50min,50mM,01,0.05500000000000001
61.4,50min,50mM,01,0.055199999999999985
61.56666666666666,50min,50mM,01,0.05539999999999999
61.733333333333334,50min,50mM,01,0.05589999999999999
61.9,50min,50mM,01,0.0553
62.05,50min,50mM,01,0.055699999999999986
62.21666666666667,50min,50mM,01,0.0553
62.38333333333333,50min,50mM,01,0.05500000000000001
62.55,50min,50mM,01,0.05500000000000001
62.71666666666667,50min,50mM,01,0.055199999999999985
62.88333333333333,50min,50mM,01,0.055099999999999996
63.05,50min,50mM,01,0.055199999999999985
63.21666666666667,50min,50mM,01,0.055099999999999996
63.38333333333333,50min,50mM,01,0.055099999999999996
63.55,50min,50mM,01,0.055199999999999985
63.71666666666667,50min,50mM,01,0.05539999999999999
63.86666666666667,50min,50mM,01,0.055099999999999996
64.03333333333333,50min,50mM,01,0.05500000000000001
64.2,50min,50mM,01,0.055199999999999985
64.36666666666667,50min,50mM,01,0.055199999999999985
64.53333333333333,50min,50mM,01,0.0553
64.7,50min,50mM,01,0.05550000000000001
64.86666666666667,50min,50mM,01,0.05539999999999999
65.03333333333333,50min,50mM,01,0.055199999999999985
65.2,50min,50mM,01,0.05500000000000001
65.36666666666667,50min,50mM,01,0.05539999999999999
65.53333333333333,50min,50mM,01,0.055099999999999996
65.7,50min,50mM,01,0.054699999999999985
65.86666666666667,50min,50mM,01,0.0556
66.01666666666667,50min,50mM,01,0.055099999999999996
66.18333333333334,50min,50mM,01,0.0553
66.35,50min,50mM,01,0.05589999999999999
66.51666666666667,50min,50mM,01,0.05539999999999999
66.68333333333334,50min,50mM,01,0.055099999999999996
66.85,50min,50mM,01,0.0553
67.01666666666667,50min,50mM,01,0.05589999999999999
67.18333333333334,50min,50mM,01,0.0561
67.35,50min,50mM,01,0.0558
67.51666666666667,50min,50mM,01,0.0556
67.68333333333334,50min,50mM,01,0.05550000000000001
67.85,50min,50mM,01,0.05550000000000001
68.0,50min,50mM,01,0.055699999999999986
68.16666666666667,50min,50mM,01,0.0556
68.33333333333333,50min,50mM,01,0.05589999999999999
68.5,50min,50mM,01,0.0556
68.66666666666667,50min,50mM,01,0.055699999999999986
68.83333333333333,50min,50mM,01,0.0558
69.0,50min,50mM,01,0.0558
69.16666666666667,50min,50mM,01,0.055699999999999986
69.33333333333333,50min,50mM,01,0.0558
69.5,50min,50mM,01,0.0558
69.66666666666667,50min,50mM,01,0.05589999999999999
69.83333333333333,50min,50mM,01,0.05589999999999999
69.98333333333333,50min,50mM,01,0.0558
70.15,50min,50mM,01,0.05589999999999999
70.31666666666666,50min,50mM,01,0.05589999999999999
70.48333333333333,50min,50mM,01,0.05589999999999999
70.65,50min,50mM,01,0.05589999999999999
70.81666666666666,50min,50mM,01,0.05600000000000001
70.98333333333333,50min,50mM,01,0.05589999999999999
71.15,50min,50mM,01,0.055699999999999986
71.31666666666666,50min,50mM,01,0.0561
71.48333333333333,50min,50mM,01,0.05600000000000001
71.63333333333333,50min,50mM,01,0.05589999999999999
71.8,50min,50mM,01,0.05600000000000001
71.96666666666667,50min,50mM,01,0.05589999999999999
72.13333333333333,50min,50mM,01,0.05600000000000001
72.3,50min,50mM,01,0.05600000000000001
72.46666666666667,50min,50mM,01,0.0563
72.63333333333333,50min,50mM,01,0.05600000000000001
72.8,50min,50mM,01,0.05600000000000001
72.95,50min,50mM,01,0.05600000000000001
73.11666666666667,50min,50mM,01,0.05589999999999999
73.28333333333333,50min,50mM,01,0.05589999999999999
73.45,50min,50mM,01,0.05589999999999999
73.61666666666667,50min,50mM,01,0.0561
73.78333333333333,50min,50mM,01,0.05600000000000001
73.95,50min,50mM,01,0.0561
74.11666666666667,50min,50mM,01,0.0561
74.28333333333333,50min,50mM,01,0.05600000000000001
74.45,50min,50mM,01,0.05589999999999999
74.61666666666667,50min,50mM,01,0.05589999999999999
74.78333333333333,50min,50mM,01,0.0561
74.93333333333334,50min,50mM,01,0.05589999999999999
75.1,50min,50mM,01,0.05589999999999999
75.26666666666667,50min,50mM,01,0.0561
75.43333333333334,50min,50mM,01,0.05600000000000001
75.6,50min,50mM,01,0.05600000000000001
75.76666666666667,50min,50mM,01,0.05600000000000001
75.93333333333334,50min,50mM,01,0.05600000000000001
76.1,50min,50mM,01,0.0561
76.26666666666667,50min,50mM,01,0.0563
76.43333333333334,50min,50mM,01,0.056199999999999986
76.6,50min,50mM,01,0.0561
76.76666666666667,50min,50mM,01,0.056199999999999986
76.93333333333334,50min,50mM,01,0.05639999999999999
77.1,50min,50mM,01,0.056199999999999986
77.25,50min,50mM,01,0.05600000000000001
77.41666666666667,50min,50mM,01,0.0563
77.58333333333333,50min,50mM,01,0.0561
77.75,50min,50mM,01,0.05600000000000001
77.91666666666667,50min,50mM,01,0.0561
78.08333333333333,50min,50mM,01,0.05589999999999999
78.25,50min,50mM,01,0.0561
78.41666666666667,50min,50mM,01,0.056199999999999986
78.58333333333333,50min,50mM,01,0.056199999999999986
78.75,50min,50mM,01,0.056199999999999986
78.91666666666667,50min,50mM,01,0.0561
79.08333333333333,50min,50mM,01,0.05600000000000001
79.23333333333333,50min,50mM,01,0.056199999999999986
79.4,50min,50mM,01,0.055699999999999986
79.56666666666666,50min,50mM,01,0.056199999999999986
79.73333333333333,50min,50mM,01,0.056199999999999986
79.9,50min,50mM,01,0.056199999999999986
80.06666666666666,50min,50mM,01,0.0561
80.23333333333333,50min,50mM,01,0.05600000000000001
80.4,50min,50mM,01,0.0561
80.56666666666666,50min,50mM,01,0.05589999999999999
80.73333333333333,50min,50mM,01,0.0558
80.9,50min,50mM,01,0.05600000000000001
81.06666666666666,50min,50mM,01,0.0561
81.23333333333333,50min,50mM,01,0.05589999999999999
81.38333333333333,50min,50mM,01,0.05589999999999999
81.55,50min,50mM,01,0.0561
81.71666666666667,50min,50mM,01,0.05600000000000001
81.88333333333333,50min,50mM,01,0.0561
82.05,50min,50mM,01,0.0563
82.21666666666667,50min,50mM,01,0.0561
82.38333333333333,50min,50mM,01,0.0561
82.55,50min,50mM,01,0.056199999999999986
82.71666666666667,50min,50mM,01,0.05600000000000001
82.91666666666666,50min,50mM,01,0.056199999999999986
83.05,50min,50mM,01,0.0561
83.21666666666667,50min,50mM,01,0.0561
83.36666666666667,50min,50mM,01,0.0561
83.53333333333333,50min,50mM,01,0.0561
83.7,50min,50mM,01,0.056199999999999986
83.86666666666667,50min,50mM,01,0.056199999999999986
84.03333333333333,50min,50mM,01,0.05650000000000001
84.2,50min,50mM,01,0.056199999999999986
84.36666666666667,50min,50mM,01,0.05639999999999999
84.56666666666666,50min,50mM,01,0.0563
84.7,50min,50mM,01,0.056199999999999986
84.86666666666667,50min,50mM,01,0.05639999999999999
85.03333333333333,50min,50mM,01,0.05650000000000001
85.2,50min,50mM,01,0.05639999999999999
85.36666666666667,50min,50mM,01,0.0561
85.51666666666667,50min,50mM,01,0.056199999999999986
85.68333333333334,50min,50mM,01,0.056199999999999986
85.85,50min,50mM,01,0.05639999999999999
86.01666666666667,50min,50mM,01,0.0561
86.18333333333334,50min,50mM,01,0.05639999999999999
86.35,50min,50mM,01,0.0563
86.51666666666667,50min,50mM,01,0.056199999999999986
86.68333333333334,50min,50mM,01,0.05639999999999999
86.85,50min,50mM,01,0.05639999999999999
87.01666666666667,50min,50mM,01,0.05650000000000001
87.18333333333334,50min,50mM,01,0.0561
87.35,50min,50mM,01,0.0563
87.55,50min,50mM,01,0.056199999999999986
87.7,50min,50mM,01,0.05639999999999999
87.86666666666667,50min,50mM,01,0.05639999999999999
88.03333333333333,50min,50mM,01,0.0563
88.16666666666666,50min,50mM,01,0.05650000000000001
88.33333333333334,50min,50mM,01,0.05650000000000001
88.5,50min,50mM,01,0.0563
88.66666666666666,50min,50mM,01,0.05639999999999999
88.86666666666667,50min,50mM,01,0.0563
89.0,50min,50mM,01,0.05639999999999999
89.16666666666666,50min,50mM,01,0.05639999999999999
89.33333333333334,50min,50mM,01,0.0563
89.5,50min,50mM,01,0.0563
89.65,50min,50mM,01,0.05600000000000001
89.81666666666666,50min,50mM,01,0.0563
89.98333333333333,50min,50mM,01,0.056199999999999986
90.15,50min,50mM,01,0.055699999999999986
90.31666666666666,50min,50mM,01,0.0563
90.48333333333333,50min,50mM,01,0.0566
90.65,50min,50mM,01,0.0566
90.85,50min,50mM,01,0.05639999999999999
91.01666666666667,50min,50mM,01,0.0563
91.18333333333334,50min,50mM,01,0.05639999999999999
91.31666666666666,50min,50mM,01,0.0563
91.48333333333333,50min,50mM,01,0.05639999999999999
91.65,50min,50mM,01,0.05650000000000001
91.8,50min,50mM,01,0.05650000000000001
91.96666666666667,50min,50mM,01,0.0566
92.13333333333333,50min,50mM,01,0.05639999999999999
92.3,50min,50mM,01,0.0563
92.46666666666667,50min,50mM,01,0.0566
92.63333333333333,50min,50mM,01,0.0566
92.8,50min,50mM,01,0.05639999999999999
92.96666666666667,50min,50mM,01,0.05650000000000001
93.13333333333333,50min,50mM,01,0.05639999999999999
93.3,50min,50mM,01,0.0563
93.5,50min,50mM,01,0.0563
93.66666666666666,50min,50mM,01,0.0566
93.81666666666666,50min,50mM,01,0.0563
93.98333333333333,50min,50mM,01,0.05639999999999999
94.15,50min,50mM,01,0.05650000000000001
94.31666666666666,50min,50mM,01,0.05650000000000001
94.48333333333333,50min,50mM,01,0.05639999999999999
94.65,50min,50mM,01,0.05650000000000001
94.81666666666666,50min,50mM,01,0.05600000000000001
94.98333333333333,50min,50mM,01,0.0561
95.15,50min,50mM,01,0.0566
95.31666666666666,50min,50mM,01,0.05639999999999999
95.48333333333333,50min,50mM,01,0.05639999999999999
95.63333333333333,50min,50mM,01,0.0566
95.8,50min,50mM,01,0.05650000000000001
95.96666666666667,50min,50mM,01,0.0566
96.13333333333333,50min,50mM,01,0.0566
96.3,50min,50mM,01,0.0558
96.46666666666667,50min,50mM,01,0.05600000000000001
96.63333333333333,50min,50mM,01,0.0563
96.8,50min,50mM,01,0.05650000000000001
96.96666666666667,50min,50mM,01,0.05650000000000001
97.13333333333333,50min,50mM,01,0.0563
97.3,50min,50mM,01,0.05639999999999999
97.46666666666667,50min,50mM,01,0.05650000000000001
97.61666666666667,50min,50mM,01,0.05639999999999999
97.78333333333333,50min,50mM,01,0.05639999999999999
97.95,50min,50mM,01,0.0568
98.11666666666667,50min,50mM,01,0.05650000000000001
98.28333333333333,50min,50mM,01,0.05650000000000001
98.45,50min,50mM,01,0.0566
98.61666666666667,50min,50mM,01,0.0566
98.78333333333333,50min,50mM,01,0.0566
98.95,50min,50mM,01,0.0568
99.11666666666667,50min,50mM,01,0.05650000000000001
99.28333333333333,50min,50mM,01,0.0563
99.45,50min,50mM,01,0.056699999999999987
99.6,50min,50mM,01,0.0566
100.0,50min,50mM,02,0.5036
100.15,50min,50mM,02,1.4208999999999998
100.31666666666666,50min,50mM,02,1.7236
100.48333333333333,50min,50mM,02,1.7543
100.65,50min,50mM,02,1.7588
100.81666666666666,50min,50mM,02,1.7452999999999999
100.98333333333333,50min,50mM,02,1.7198
101.15,50min,50mM,02,1.6873
101.31666666666666,50min,50mM,02,1.6455
101.51666666666667,50min,50mM,02,1.5936
101.68333333333334,50min,50mM,02,1.5327
101.85,50min,50mM,02,1.4746
101.96666666666667,50min,50mM,02,1.4024999999999999
102.13333333333334,50min,50mM,02,1.3244
102.3,50min,50mM,02,1.2570999999999999
102.5,50min,50mM,02,1.2223
102.63333333333334,50min,50mM,02,1.1491
102.8,50min,50mM,02,1.0063
102.96666666666667,50min,50mM,02,0.8440000000000001
103.13333333333334,50min,50mM,02,0.7784000000000001
103.3,50min,50mM,02,0.8393
103.46666666666667,50min,50mM,02,0.7451
103.63333333333334,50min,50mM,02,0.5754
103.78333333333333,50min,50mM,02,0.48879999999999996
103.95,50min,50mM,02,0.39899999999999997
104.15,50min,50mM,02,0.2991
104.28333333333333,50min,50mM,02,0.2118
104.45,50min,50mM,02,0.1442
104.61666666666666,50min,50mM,02,0.1004
104.78333333333333,50min,50mM,02,0.07709999999999999
104.95,50min,50mM,02,0.06760000000000001
105.15,50min,50mM,02,0.0636
105.31666666666666,50min,50mM,02,0.06219999999999999
105.48333333333333,50min,50mM,02,0.0616
105.61666666666666,50min,50mM,02,0.061399999999999996
105.76666666666667,50min,50mM,02,0.061499999999999985
105.93333333333334,50min,50mM,02,0.061399999999999996
106.1,50min,50mM,02,0.0616
106.26666666666667,50min,50mM,02,0.06169999999999999
106.43333333333334,50min,50mM,02,0.0616
106.6,50min,50mM,02,0.0616
106.76666666666667,50min,50mM,02,0.06169999999999999
106.93333333333334,50min,50mM,02,0.0616
107.1,50min,50mM,02,0.0616
107.26666666666667,50min,50mM,02,0.061499999999999985
107.43333333333334,50min,50mM,02,0.06169999999999999
107.6,50min,50mM,02,0.0616
107.8,50min,50mM,02,0.061499999999999985
107.91666666666667,50min,50mM,02,0.0616
108.08333333333333,50min,50mM,02,0.061499999999999985
108.25,50min,50mM,02,0.0616
108.41666666666667,50min,50mM,02,0.06180000000000001
108.58333333333333,50min,50mM,02,0.06169999999999999
108.75,50min,50mM,02,0.06169999999999999
108.91666666666667,50min,50mM,02,0.06169999999999999
109.08333333333333,50min,50mM,02,0.0616
109.25,50min,50mM,02,0.0619
109.41666666666667,50min,50mM,02,0.0616
109.58333333333333,50min,50mM,02,0.06169999999999999
109.75,50min,50mM,02,0.061499999999999985
109.91666666666667,50min,50mM,02,0.061499999999999985
110.06666666666666,50min,50mM,02,0.06180000000000001
110.23333333333333,50min,50mM,02,0.06180000000000001
110.4,50min,50mM,02,0.06169999999999999
110.56666666666666,50min,50mM,02,0.06180000000000001
110.76666666666667,50min,50mM,02,0.06169999999999999
110.9,50min,50mM,02,0.06169999999999999
111.1,50min,50mM,02,0.0619
111.23333333333333,50min,50mM,02,0.061999999999999986
111.4,50min,50mM,02,0.06180000000000001
111.56666666666666,50min,50mM,02,0.06169999999999999
111.73333333333333,50min,50mM,02,0.06180000000000001
111.9,50min,50mM,02,0.06180000000000001
112.1,50min,50mM,02,0.06180000000000001
112.21666666666667,50min,50mM,02,0.06180000000000001
112.38333333333333,50min,50mM,02,0.06180000000000001
112.55,50min,50mM,02,0.06169999999999999
112.71666666666667,50min,50mM,02,0.0619
112.88333333333333,50min,50mM,02,0.0619
113.05,50min,50mM,02,0.06169999999999999
113.21666666666667,50min,50mM,02,0.06180000000000001
113.41666666666667,50min,50mM,02,0.0619
113.55,50min,50mM,02,0.06169999999999999
113.75,50min,50mM,02,0.06180000000000001
113.88333333333333,50min,50mM,02,0.06169999999999999
114.05,50min,50mM,02,0.0619
114.2,50min,50mM,02,0.0619
114.4,50min,50mM,02,0.06180000000000001
114.53333333333333,50min,50mM,02,0.06169999999999999
114.73333333333333,50min,50mM,02,0.06169999999999999
114.9,50min,50mM,02,0.06180000000000001
115.06666666666666,50min,50mM,02,0.06180000000000001
115.23333333333333,50min,50mM,02,0.0619
115.4,50min,50mM,02,0.0619
115.56666666666666,50min,50mM,02,0.06180000000000001
115.73333333333333,50min,50mM,02,0.06180000000000001
115.86666666666667,50min,50mM,02,0.06180000000000001
116.03333333333333,50min,50mM,02,0.06169999999999999
116.18333333333334,50min,50mM,02,0.0619
116.35,50min,50mM,02,0.06169999999999999
116.51666666666667,50min,50mM,02,0.061999999999999986
116.68333333333334,50min,50mM,02,0.06180000000000001
116.85,50min,50mM,02,0.0619
117.05,50min,50mM,02,0.0619
117.18333333333334,50min,50mM,02,0.06169999999999999
117.35,50min,50mM,02,0.061999999999999986
117.51666666666667,50min,50mM,02,0.06219999999999999
117.68333333333334,50min,50mM,02,0.0621
117.85,50min,50mM,02,0.06180000000000001
118.05,50min,50mM,02,0.0619
118.18333333333334,50min,50mM,02,0.0619
118.33333333333333,50min,50mM,02,0.06180000000000001
118.5,50min,50mM,02,0.0619
118.66666666666667,50min,50mM,02,0.061999999999999986
118.83333333333333,50min,50mM,02,0.0619
119.0,50min,50mM,02,0.06180000000000001
119.16666666666667,50min,50mM,02,0.0619
119.33333333333333,50min,50mM,02,0.0619
119.5,50min,50mM,02,0.0619
119.66666666666667,50min,50mM,02,0.0616
119.83333333333333,50min,50mM,02,0.06180000000000001
120.0,50min,50mM,02,0.06180000000000001
120.16666666666667,50min,50mM,02,0.0619
120.31666666666666,50min,50mM,02,0.0619
120.48333333333333,50min,50mM,02,0.061999999999999986
120.65,50min,50mM,02,0.0619
120.81666666666666,50min,50mM,02,0.06180000000000001
120.98333333333333,50min,50mM,02,0.0619
121.15,50min,50mM,02,0.0619
121.31666666666666,50min,50mM,02,0.0619
121.48333333333333,50min,50mM,02,0.061999999999999986
121.65,50min,50mM,02,0.061999999999999986
121.81666666666666,50min,50mM,02,0.06169999999999999
121.98333333333333,50min,50mM,02,0.061999999999999986
122.15,50min,50mM,02,0.0619
122.35,50min,50mM,02,0.061999999999999986
122.46666666666667,50min,50mM,02,0.0619
122.63333333333333,50min,50mM,02,0.061999999999999986
122.8,50min,50mM,02,0.0619
122.96666666666667,50min,50mM,02,0.0621
123.13333333333333,50min,50mM,02,0.061999999999999986
123.33333333333333,50min,50mM,02,0.0619
123.5,50min,50mM,02,0.061999999999999986
123.66666666666667,50min,50mM,02,0.06180000000000001
123.8,50min,50mM,02,0.0619
124.0,50min,50mM,02,0.0621
124.13333333333333,50min,50mM,02,0.0621
124.3,50min,50mM,02,0.061999999999999986
124.46666666666667,50min,50mM,02,0.06219999999999999
124.61666666666667,50min,50mM,02,0.0619
124.78333333333333,50min,50mM,02,0.061999999999999986
124.95,50min,50mM,02,0.061999999999999986
125.11666666666667,50min,50mM,02,0.0621
125.28333333333333,50min,50mM,02,0.0621
125.45,50min,50mM,02,0.061999999999999986
125.61666666666667,50min,50mM,02,0.061999999999999986
125.78333333333333,50min,50mM,02,0.06230000000000001
125.95,50min,50mM,02,0.061999999999999986
126.11666666666667,50min,50mM,02,0.0619
126.28333333333333,50min,50mM,02,0.061999999999999986
126.45,50min,50mM,02,0.061999999999999986
126.65,50min,50mM,02,0.0619
126.8,50min,50mM,02,0.0621
126.93333333333334,50min,50mM,02,0.0621
127.1,50min,50mM,02,0.0621
127.26666666666667,50min,50mM,02,0.0619
127.43333333333334,50min,50mM,02,0.061999999999999986
127.6,50min,50mM,02,0.061999999999999986
127.76666666666667,50min,50mM,02,0.0621
127.93333333333334,50min,50mM,02,0.0619
128.1,50min,50mM,02,0.061999999999999986
128.26666666666665,50min,50mM,02,0.0621
128.43333333333334,50min,50mM,02,0.061999999999999986
128.6,50min,50mM,02,0.061999999999999986
128.75,50min,50mM,02,0.0621
128.91666666666666,50min,50mM,02,0.061999999999999986
129.08333333333334,50min,50mM,02,0.061999999999999986
129.25,50min,50mM,02,0.061999999999999986
129.41666666666666,50min,50mM,02,0.061999999999999986
129.58333333333334,50min,50mM,02,0.0621
129.75,50min,50mM,02,0.061999999999999986
129.91666666666666,50min,50mM,02,0.06219999999999999
130.08333333333334,50min,50mM,02,0.06219999999999999
130.25,50min,50mM,02,0.061999999999999986
130.41666666666666,50min,50mM,02,0.06219999999999999
130.61666666666667,50min,50mM,02,0.061999999999999986
130.76666666666665,50min,50mM,02,0.0621
130.93333333333334,50min,50mM,02,0.0621
131.1,50min,50mM,02,0.0619
131.26666666666665,50min,50mM,02,0.06180000000000001
131.43333333333334,50min,50mM,02,0.06219999999999999
131.6,50min,50mM,02,0.0621
131.76666666666665,50min,50mM,02,0.0621
131.93333333333334,50min,50mM,02,0.06219999999999999
132.1,50min,50mM,02,0.0621
132.26666666666665,50min,50mM,02,0.0621
132.4,50min,50mM,02,0.061999999999999986
132.56666666666666,50min,50mM,02,0.06219999999999999
132.73333333333335,50min,50mM,02,0.0621
132.88333333333333,50min,50mM,02,0.06219999999999999
133.05,50min,50mM,02,0.0619
133.21666666666667,50min,50mM,02,0.0621
133.38333333333333,50min,50mM,02,0.0621
133.55,50min,50mM,02,0.06219999999999999
133.71666666666667,50min,50mM,02,0.0621
133.91666666666666,50min,50mM,02,0.061999999999999986
134.08333333333334,50min,50mM,02,0.061999999999999986
134.25,50min,50mM,02,0.06230000000000001
134.38333333333333,50min,50mM,02,0.0621
134.58333333333334,50min,50mM,02,0.0621
134.71666666666667,50min,50mM,02,0.06219999999999999
134.86666666666667,50min,50mM,02,0.0621
135.03333333333333,50min,50mM,02,0.06219999999999999
135.2,50min,50mM,02,0.0621
135.36666666666667,50min,50mM,02,0.06230000000000001
135.53333333333333,50min,50mM,02,0.0621
135.7,50min,50mM,02,0.0621
135.9,50min,50mM,02,0.061999999999999986
136.06666666666666,50min,50mM,02,0.0621
136.23333333333335,50min,50mM,02,0.061999999999999986
136.36666666666667,50min,50mM,02,0.06230000000000001
136.53333333333333,50min,50mM,02,0.0621
136.7,50min,50mM,02,0.06230000000000001
136.86666666666667,50min,50mM,02,0.0621
137.01666666666665,50min,50mM,02,0.06219999999999999
137.21666666666667,50min,50mM,02,0.06219999999999999
137.35,50min,50mM,02,0.06219999999999999
137.51666666666665,50min,50mM,02,0.0624
137.68333333333334,50min,50mM,02,0.0621
137.85,50min,50mM,02,0.06219999999999999
138.01666666666665,50min,50mM,02,0.06219999999999999
138.21666666666667,50min,50mM,02,0.061999999999999986
138.35,50min,50mM,02,0.0619
138.51666666666665,50min,50mM,02,0.06219999999999999
138.68333333333334,50min,50mM,02,0.06219999999999999
138.88333333333333,50min,50mM,02,0.0624
139.01666666666665,50min,50mM,02,0.06230000000000001
139.21666666666667,50min,50mM,02,0.06219999999999999
139.33333333333334,50min,50mM,02,0.0621
139.5,50min,50mM,02,0.0621
139.66666666666666,50min,50mM,02,0.06219999999999999
139.83333333333334,50min,50mM,02,0.06230000000000001
140.0,50min,50mM,02,0.06230000000000001
140.2,50min,50mM,02,0.06219999999999999
140.36666666666667,50min,50mM,02,0.06219999999999999
140.53333333333333,50min,50mM,02,0.06230000000000001
140.7,50min,50mM,02,0.06230000000000001
140.86666666666667,50min,50mM,02,0.0624
141.01666666666665,50min,50mM,02,0.06230000000000001
141.18333333333334,50min,50mM,02,0.06219999999999999
141.35,50min,50mM,02,0.06219999999999999
141.51666666666665,50min,50mM,02,0.06230000000000001
141.68333333333334,50min,50mM,02,0.0621
141.85,50min,50mM,02,0.06219999999999999
142.01666666666665,50min,50mM,02,0.06230000000000001
142.18333333333334,50min,50mM,02,0.06219999999999999
142.35,50min,50mM,02,0.06219999999999999
142.51666666666665,50min,50mM,02,0.0624
142.68333333333334,50min,50mM,02,0.06219999999999999
142.85,50min,50mM,02,0.06219999999999999
143.0,50min,50mM,02,0.06230000000000001
143.16666666666666,50min,50mM,02,0.062499999999999986
143.33333333333334,50min,50mM,02,0.06230000000000001
143.5,50min,50mM,02,0.0621
143.66666666666666,50min,50mM,02,0.06230000000000001
143.83333333333334,50min,50mM,02,0.0624
144.0,50min,50mM,02,0.0624
144.16666666666666,50min,50mM,02,0.0624
144.33333333333334,50min,50mM,02,0.0621
144.5,50min,50mM,02,0.0624
144.66666666666666,50min,50mM,02,0.0624
144.83333333333334,50min,50mM,02,0.0624
144.98333333333335,50min,50mM,02,0.06230000000000001
145.15,50min,50mM,02,0.062499999999999986
145.31666666666666,50min,50mM,02,0.06230000000000001
145.48333333333335,50min,50mM,02,0.0624
145.65,50min,50mM,02,0.0626
145.81666666666666,50min,50mM,02,0.06230000000000001
145.98333333333335,50min,50mM,02,0.0624
146.15,50min,50mM,02,0.06230000000000001
146.31666666666666,50min,50mM,02,0.06230000000000001
146.48333333333335,50min,50mM,02,0.0624
146.65,50min,50mM,02,0.06230000000000001
146.81666666666666,50min,50mM,02,0.0624
146.96666666666667,50min,50mM,02,0.06230000000000001
147.13333333333333,50min,50mM,02,0.062499999999999986
147.3,50min,50mM,02,0.0624
147.46666666666667,50min,50mM,02,0.062499999999999986
147.63333333333333,50min,50mM,02,0.062499999999999986
147.8,50min,50mM,02,0.062499999999999986
147.96666666666667,50min,50mM,02,0.062499999999999986
148.13333333333333,50min,50mM,02,0.062499999999999986
148.3,50min,50mM,02,0.06219999999999999
148.46666666666667,50min,50mM,02,0.0624
148.63333333333333,50min,50mM,02,0.0624
148.8,50min,50mM,02,0.0626
148.96666666666667,50min,50mM,02,0.062499999999999986
149.11666666666667,50min,50mM,02,0.0624
149.28333333333333,50min,50mM,02,0.0626
149.45,50min,50mM,02,0.0624
149.61666666666667,50min,50mM,02,0.0624
149.78333333333333,50min,50mM,02,0.06230000000000001
149.95,50min,50mM,02,0.0624
150.11666666666667,50min,50mM,02,0.0624
150.28333333333333,50min,50mM,02,0.06230000000000001
150.45,50min,50mM,02,0.06219999999999999
150.61666666666667,50min,50mM,02,0.0624
150.78333333333333,50min,50mM,02,0.0624
150.95,50min,50mM,02,0.062499999999999986
151.11666666666667,50min,50mM,02,0.062499999999999986
151.28333333333333,50min,50mM,02,0.062499999999999986
151.43333333333334,50min,50mM,02,0.062499999999999986
151.6,50min,50mM,02,0.0624
151.76666666666665,50min,50mM,02,0.0626
151.93333333333334,50min,50mM,02,0.062499999999999986
152.1,50min,50mM,02,0.06269999999999999
152.26666666666665,50min,50mM,02,0.0626
152.43333333333334,50min,50mM,02,0.062499999999999986
152.6,50min,50mM,02,0.062499999999999986
152.76666666666665,50min,50mM,02,0.0624
152.93333333333334,50min,50mM,02,0.062499999999999986
153.1,50min,50mM,02,0.062499999999999986
153.25,50min,50mM,02,0.062499999999999986
153.41666666666666,50min,50mM,02,0.062499999999999986
153.58333333333334,50min,50mM,02,0.0626
153.75,50min,50mM,02,0.06219999999999999
153.91666666666666,50min,50mM,02,0.0626
154.08333333333334,50min,50mM,02,0.0624
154.25,50min,50mM,02,0.0624
154.41666666666666,50min,50mM,02,0.0626
154.58333333333334,50min,50mM,02,0.0626
154.75,50min,50mM,02,0.062499999999999986
154.91666666666666,50min,50mM,02,0.062499999999999986
155.08333333333334,50min,50mM,02,0.0624
155.25,50min,50mM,02,0.06269999999999999
155.4,50min,50mM,02,0.0626
155.56666666666666,50min,50mM,02,0.062499999999999986
155.73333333333335,50min,50mM,02,0.06230000000000001
155.9,50min,50mM,02,0.0626
156.06666666666666,50min,50mM,02,0.0626
156.23333333333335,50min,50mM,02,0.06280000000000001
156.4,50min,50mM,02,0.0626
156.56666666666666,50min,50mM,02,0.062499999999999986
156.73333333333335,50min,50mM,02,0.0626
156.9,50min,50mM,02,0.0626
157.06666666666666,50min,50mM,02,0.0626
157.23333333333335,50min,50mM,02,0.06269999999999999
157.4,50min,50mM,02,0.06269999999999999
157.55,50min,50mM,02,0.062499999999999986
157.71666666666667,50min,50mM,02,0.0626
157.88333333333333,50min,50mM,02,0.0626
158.05,50min,50mM,02,0.06269999999999999
158.21666666666667,50min,50mM,02,0.06269999999999999
158.38333333333333,50min,50mM,02,0.062499999999999986
158.55,50min,50mM,02,0.06269999999999999
158.71666666666667,50min,50mM,02,0.0626
158.88333333333333,50min,50mM,02,0.06269999999999999
159.05,50min,50mM,02,0.06269999999999999
159.21666666666667,50min,50mM,02,0.06280000000000001
159.38333333333333,50min,50mM,02,0.06269999999999999
159.55,50min,50mM,02,0.06269999999999999
100.0,50min,50mM,02,0.3846
100.15,50min,50mM,02,0.7145
100.31666666666666,50min,50mM,02,1.1373
100.48333333333333,50min,50mM,02,1.3532
100.65,50min,50mM,02,1.408
100.81666666666666,50min,50mM,02,1.4367999999999999
100.98333333333333,50min,50mM,02,1.4729999999999999
101.15,50min,50mM,02,1.4906
101.31666666666666,50min,50mM,02,1.3845999999999998
101.51666666666667,50min,50mM,02,1.142
101.68333333333334,50min,50mM,02,0.8310000000000001
101.85,50min,50mM,02,0.5934
101.96666666666667,50min,50mM,02,0.40149999999999997
102.13333333333334,50min,50mM,02,0.2567
102.3,50min,50mM,02,0.15189999999999998
102.5,50min,50mM,02,0.0831
102.63333333333334,50min,50mM,02,0.06349999999999999
102.8,50min,50mM,02,0.06080000000000001
102.96666666666667,50min,50mM,02,0.0596
103.13333333333334,50min,50mM,02,0.0591
103.3,50min,50mM,02,0.058800000000000005
103.46666666666667,50min,50mM,02,0.058800000000000005
103.63333333333334,50min,50mM,02,0.058899999999999994
103.78333333333333,50min,50mM,02,0.058800000000000005
103.95,50min,50mM,02,0.058800000000000005
104.15,50min,50mM,02,0.058899999999999994
104.28333333333333,50min,50mM,02,0.058899999999999994
104.45,50min,50mM,02,0.058899999999999994
104.61666666666666,50min,50mM,02,0.058899999999999994
104.78333333333333,50min,50mM,02,0.05869999999999999
104.95,50min,50mM,02,0.05869999999999999
105.15,50min,50mM,02,0.058800000000000005
105.31666666666666,50min,50mM,02,0.058899999999999994
105.48333333333333,50min,50mM,02,0.058899999999999994
105.61666666666666,50min,50mM,02,0.058899999999999994
105.76666666666667,50min,50mM,02,0.058800000000000005
105.93333333333334,50min,50mM,02,0.058899999999999994
106.1,50min,50mM,02,0.058800000000000005
106.26666666666667,50min,50mM,02,0.05900000000000001
106.43333333333334,50min,50mM,02,0.058899999999999994
106.6,50min,50mM,02,0.05900000000000001
106.76666666666667,50min,50mM,02,0.05869999999999999
106.93333333333334,50min,50mM,02,0.058800000000000005
107.1,50min,50mM,02,0.058899999999999994
107.26666666666667,50min,50mM,02,0.05900000000000001
107.43333333333334,50min,50mM,02,0.058800000000000005
107.6,50min,50mM,02,0.05900000000000001
107.8,50min,50mM,02,0.058800000000000005
107.91666666666667,50min,50mM,02,0.05900000000000001
108.08333333333333,50min,50mM,02,0.058899999999999994
108.25,50min,50mM,02,0.0591
108.41666666666667,50min,50mM,02,0.05900000000000001
108.58333333333333,50min,50mM,02,0.05900000000000001
108.75,50min,50mM,02,0.05869999999999999
108.91666666666667,50min,50mM,02,0.05869999999999999
109.08333333333333,50min,50mM,02,0.05900000000000001
109.25,50min,50mM,02,0.058899999999999994
109.41666666666667,50min,50mM,02,0.058800000000000005
109.58333333333333,50min,50mM,02,0.058399999999999994
109.75,50min,50mM,02,0.058399999999999994
109.91666666666667,50min,50mM,02,0.057800000000000004
110.06666666666666,50min,50mM,02,0.058800000000000005
110.23333333333333,50min,50mM,02,0.058899999999999994
110.4,50min,50mM,02,0.058800000000000005
110.56666666666666,50min,50mM,02,0.058800000000000005
110.76666666666667,50min,50mM,02,0.058800000000000005
110.9,50min,50mM,02,0.058800000000000005
111.1,50min,50mM,02,0.05919999999999999
111.23333333333333,50min,50mM,02,0.058899999999999994
111.4,50min,50mM,02,0.0591
111.56666666666666,50min,50mM,02,0.059300000000000005
111.73333333333333,50min,50mM,02,0.058899999999999994
111.9,50min,50mM,02,0.05900000000000001
112.1,50min,50mM,02,0.058899999999999994
112.21666666666667,50min,50mM,02,0.058399999999999994
112.38333333333333,50min,50mM,02,0.0591
112.55,50min,50mM,02,0.0591
112.71666666666667,50min,50mM,02,0.0591
112.88333333333333,50min,50mM,02,0.0591
113.05,50min,50mM,02,0.0591
113.21666666666667,50min,50mM,02,0.05900000000000001
113.41666666666667,50min,50mM,02,0.0591
113.55,50min,50mM,02,0.05900000000000001
113.75,50min,50mM,02,0.0591
113.88333333333333,50min,50mM,02,0.0591
114.05,50min,50mM,02,0.05900000000000001
114.2,50min,50mM,02,0.05900000000000001
114.4,50min,50mM,02,0.0591
114.53333333333333,50min,50mM,02,0.05800000000000001
114.73333333333333,50min,50mM,02,0.0586
114.9,50min,50mM,02,0.05900000000000001
115.06666666666666,50min,50mM,02,0.05900000000000001
115.23333333333333,50min,50mM,02,0.05900000000000001
115.4,50min,50mM,02,0.05900000000000001
115.56666666666666,50min,50mM,02,0.05900000000000001
115.73333333333333,50min,50mM,02,0.058899999999999994
115.86666666666667,50min,50mM,02,0.05900000000000001
116.03333333333333,50min,50mM,02,0.058899999999999994
116.18333333333334,50min,50mM,02,0.058800000000000005
116.35,50min,50mM,02,0.05919999999999999
116.51666666666667,50min,50mM,02,0.05919999999999999
116.68333333333334,50min,50mM,02,0.05900000000000001
116.85,50min,50mM,02,0.05900000000000001
117.05,50min,50mM,02,0.058800000000000005
117.18333333333334,50min,50mM,02,0.05900000000000001
117.35,50min,50mM,02,0.059399999999999994
117.51666666666667,50min,50mM,02,0.05900000000000001
117.68333333333334,50min,50mM,02,0.0591
117.85,50min,50mM,02,0.058800000000000005
118.05,50min,50mM,02,0.058800000000000005
118.18333333333334,50min,50mM,02,0.0591
118.33333333333333,50min,50mM,02,0.05919999999999999
118.5,50min,50mM,02,0.05919999999999999
118.66666666666667,50min,50mM,02,0.05919999999999999
118.83333333333333,50min,50mM,02,0.05900000000000001
119.0,50min,50mM,02,0.0591
119.16666666666667,50min,50mM,02,0.0591
119.33333333333333,50min,50mM,02,0.0591
119.5,50min,50mM,02,0.0591
119.66666666666667,50min,50mM,02,0.058800000000000005
119.83333333333333,50min,50mM,02,0.05900000000000001
120.0,50min,50mM,02,0.05900000000000001
120.16666666666667,50min,50mM,02,0.05919999999999999
120.31666666666666,50min,50mM,02,0.0591
120.48333333333333,50min,50mM,02,0.05900000000000001
120.65,50min,50mM,02,0.05900000000000001
120.81666666666666,50min,50mM,02,0.0591
120.98333333333333,50min,50mM,02,0.0591
121.15,50min,50mM,02,0.0591
121.31666666666666,50min,50mM,02,0.05900000000000001
121.48333333333333,50min,50mM,02,0.0591
121.65,50min,50mM,02,0.05900000000000001
121.81666666666666,50min,50mM,02,0.0591
121.98333333333333,50min,50mM,02,0.05919999999999999
122.15,50min,50mM,02,0.0591
122.35,50min,50mM,02,0.059300000000000005
122.46666666666667,50min,50mM,02,0.05900000000000001
122.63333333333333,50min,50mM,02,0.05900000000000001
122.8,50min,50mM,02,0.0591
122.96666666666667,50min,50mM,02,0.05900000000000001
123.13333333333333,50min,50mM,02,0.059300000000000005
123.33333333333333,50min,50mM,02,0.0591
123.5,50min,50mM,02,0.0591
123.66666666666667,50min,50mM,02,0.058899999999999994
123.8,50min,50mM,02,0.05900000000000001
124.0,50min,50mM,02,0.05900000000000001
124.13333333333333,50min,50mM,02,0.058800000000000005
124.3,50min,50mM,02,0.0591
124.46666666666667,50min,50mM,02,0.05869999999999999
124.61666666666667,50min,50mM,02,0.0591
124.78333333333333,50min,50mM,02,0.0591
124.95,50min,50mM,02,0.058300000000000005
125.11666666666667,50min,50mM,02,0.05850000000000001
125.28333333333333,50min,50mM,02,0.058899999999999994
125.45,50min,50mM,02,0.0591
125.61666666666667,50min,50mM,02,0.0591
125.78333333333333,50min,50mM,02,0.05900000000000001
125.95,50min,50mM,02,0.05919999999999999
126.11666666666667,50min,50mM,02,0.058899999999999994
126.28333333333333,50min,50mM,02,0.059300000000000005
126.45,50min,50mM,02,0.0591
126.65,50min,50mM,02,0.05919999999999999
126.8,50min,50mM,02,0.058899999999999994
126.93333333333334,50min,50mM,02,0.058800000000000005
127.1,50min,50mM,02,0.0586
127.26666666666667,50min,50mM,02,0.05869999999999999
127.43333333333334,50min,50mM,02,0.059300000000000005
127.6,50min,50mM,02,0.05919999999999999
127.76666666666667,50min,50mM,02,0.0591
127.93333333333334,50min,50mM,02,0.0591
128.1,50min,50mM,02,0.059300000000000005
128.26666666666665,50min,50mM,02,0.059300000000000005
128.43333333333334,50min,50mM,02,0.058399999999999994
128.6,50min,50mM,02,0.058399999999999994
128.75,50min,50mM,02,0.058899999999999994
128.91666666666666,50min,50mM,02,0.05900000000000001
129.08333333333334,50min,50mM,02,0.059399999999999994
129.25,50min,50mM,02,0.05950000000000001
129.41666666666666,50min,50mM,02,0.059399999999999994
129.58333333333334,50min,50mM,02,0.059300000000000005
129.75,50min,50mM,02,0.05919999999999999
129.91666666666666,50min,50mM,02,0.059300000000000005
130.08333333333334,50min,50mM,02,0.05950000000000001
130.25,50min,50mM,02,0.059399999999999994
130.41666666666666,50min,50mM,02,0.0586
130.61666666666667,50min,50mM,02,0.058800000000000005
130.76666666666665,50min,50mM,02,0.058899999999999994
130.93333333333334,50min,50mM,02,0.059300000000000005
131.1,50min,50mM,02,0.05919999999999999
131.26666666666665,50min,50mM,02,0.05900000000000001
131.43333333333334,50min,50mM,02,0.0586
131.6,50min,50mM,02,0.058399999999999994
131.76666666666665,50min,50mM,02,0.058800000000000005
131.93333333333334,50min,50mM,02,0.058899999999999994
132.1,50min,50mM,02,0.0586
132.26666666666665,50min,50mM,02,0.0591
132.4,50min,50mM,02,0.05919999999999999
132.56666666666666,50min,50mM,02,0.05900000000000001
132.73333333333335,50min,50mM,02,0.05950000000000001
132.88333333333333,50min,50mM,02,0.0591
133.05,50min,50mM,02,0.0596
133.21666666666667,50min,50mM,02,0.05919999999999999
133.38333333333333,50min,50mM,02,0.0591
133.55,50min,50mM,02,0.059399999999999994
133.71666666666667,50min,50mM,02,0.05900000000000001
133.91666666666666,50min,50mM,02,0.059300000000000005
134.08333333333334,50min,50mM,02,0.05919999999999999
134.25,50min,50mM,02,0.059300000000000005
134.38333333333333,50min,50mM,02,0.059300000000000005
134.58333333333334,50min,50mM,02,0.059300000000000005
134.71666666666667,50min,50mM,02,0.05950000000000001
134.86666666666667,50min,50mM,02,0.05950000000000001
135.03333333333333,50min,50mM,02,0.0591
135.2,50min,50mM,02,0.058399999999999994
135.36666666666667,50min,50mM,02,0.05900000000000001
135.53333333333333,50min,50mM,02,0.0591
135.7,50min,50mM,02,0.059399999999999994
135.9,50min,50mM,02,0.059399999999999994
136.06666666666666,50min,50mM,02,0.059300000000000005
136.23333333333335,50min,50mM,02,0.059399999999999994
136.36666666666667,50min,50mM,02,0.059399999999999994
136.53333333333333,50min,50mM,02,0.059399999999999994
136.7,50min,50mM,02,0.05950000000000001
136.86666666666667,50min,50mM,02,0.058899999999999994
137.01666666666665,50min,50mM,02,0.0596
137.21666666666667,50min,50mM,02,0.059399999999999994
137.35,50min,50mM,02,0.059399999999999994
137.51666666666665,50min,50mM,02,0.05950000000000001
137.68333333333334,50min,50mM,02,0.059300000000000005
137.85,50min,50mM,02,0.059399999999999994
138.01666666666665,50min,50mM,02,0.059300000000000005
138.21666666666667,50min,50mM,02,0.0591
138.35,50min,50mM,02,0.0586
138.51666666666665,50min,50mM,02,0.059300000000000005
138.68333333333334,50min,50mM,02,0.059300000000000005
138.88333333333333,50min,50mM,02,0.05919999999999999
139.01666666666665,50min,50mM,02,0.059300000000000005
139.21666666666667,50min,50mM,02,0.059399999999999994
139.33333333333334,50min,50mM,02,0.05950000000000001
139.5,50min,50mM,02,0.059399999999999994
139.66666666666666,50min,50mM,02,0.05950000000000001
139.83333333333334,50min,50mM,02,0.059399999999999994
140.0,50min,50mM,02,0.059399999999999994
140.2,50min,50mM,02,0.059399999999999994
140.36666666666667,50min,50mM,02,0.059300000000000005
140.53333333333333,50min,50mM,02,0.0591
140.7,50min,50mM,02,0.059399999999999994
140.86666666666667,50min,50mM,02,0.0591
141.01666666666665,50min,50mM,02,0.05900000000000001
141.18333333333334,50min,50mM,02,0.0596
141.35,50min,50mM,02,0.05950000000000001
141.51666666666665,50min,50mM,02,0.0596
141.68333333333334,50min,50mM,02,0.0591
141.85,50min,50mM,02,0.059300000000000005
142.01666666666665,50min,50mM,02,0.05950000000000001
142.18333333333334,50min,50mM,02,0.059300000000000005
142.35,50min,50mM,02,0.059399999999999994
142.51666666666665,50min,50mM,02,0.0596
142.68333333333334,50min,50mM,02,0.059399999999999994
142.85,50min,50mM,02,0.05950000000000001
143.0,50min,50mM,02,0.05950000000000001
143.16666666666666,50min,50mM,02,0.05919999999999999
143.33333333333334,50min,50mM,02,0.05950000000000001
143.5,50min,50mM,02,0.059399999999999994
143.66666666666666,50min,50mM,02,0.059300000000000005
143.83333333333334,50min,50mM,02,0.05919999999999999
144.0,50min,50mM,02,0.059399999999999994
144.16666666666666,50min,50mM,02,0.05950000000000001
144.33333333333334,50min,50mM,02,0.059399999999999994
144.5,50min,50mM,02,0.05900000000000001
144.66666666666666,50min,50mM,02,0.05950000000000001
144.83333333333334,50min,50mM,02,0.05919999999999999
144.98333333333335,50min,50mM,02,0.05950000000000001
145.15,50min,50mM,02,0.059300000000000005
145.31666666666666,50min,50mM,02,0.059399999999999994
145.48333333333335,50min,50mM,02,0.058899999999999994
145.65,50min,50mM,02,0.05869999999999999
145.81666666666666,50min,50mM,02,0.05950000000000001
145.98333333333335,50min,50mM,02,0.05950000000000001
146.15,50min,50mM,02,0.059800000000000006
146.31666666666666,50min,50mM,02,0.05950000000000001
146.48333333333335,50min,50mM,02,0.05950000000000001
146.65,50min,50mM,02,0.0596
146.81666666666666,50min,50mM,02,0.0596
146.96666666666667,50min,50mM,02,0.059399999999999994
147.13333333333333,50min,50mM,02,0.05969999999999999
147.3,50min,50mM,02,0.0596
147.46666666666667,50min,50mM,02,0.05919999999999999
147.63333333333333,50min,50mM,02,0.059399999999999994
147.8,50min,50mM,02,0.059300000000000005
147.96666666666667,50min,50mM,02,0.05900000000000001
148.13333333333333,50min,50mM,02,0.05900000000000001
148.3,50min,50mM,02,0.058899999999999994
148.46666666666667,50min,50mM,02,0.059399999999999994
148.63333333333333,50min,50mM,02,0.0596
148.8,50min,50mM,02,0.0596
148.96666666666667,50min,50mM,02,0.0596
149.11666666666667,50min,50mM,02,0.05869999999999999
149.28333333333333,50min,50mM,02,0.0596
149.45,50min,50mM,02,0.059399999999999994
149.61666666666667,50min,50mM,02,0.0591
149.78333333333333,50min,50mM,02,0.0596
149.95,50min,50mM,02,0.05969999999999999
150.11666666666667,50min,50mM,02,0.05969999999999999
150.28333333333333,50min,50mM,02,0.05969999999999999
150.45,50min,50mM,02,0.0596
150.61666666666667,50min,50mM,02,0.05950000000000001
150.78333333333333,50min,50mM,02,0.0596
150.95,50min,50mM,02,0.05919999999999999
151.11666666666667,50min,50mM,02,0.059800000000000006
151.28333333333333,50min,50mM,02,0.05950000000000001
151.43333333333334,50min,50mM,02,0.05969999999999999
151.6,50min,50mM,02,0.059800000000000006
151.76666666666665,50min,50mM,02,0.05969999999999999
151.93333333333334,50min,50mM,02,0.05950000000000001
152.1,50min,50mM,02,0.05919999999999999
152.26666666666665,50min,50mM,02,0.05969999999999999
152.43333333333334,50min,50mM,02,0.05969999999999999
152.6,50min,50mM,02,0.0591
152.76666666666665,50min,50mM,02,0.0591
152.93333333333334,50min,50mM,02,0.059800000000000006
153.1,50min,50mM,02,0.059800000000000006
153.25,50min,50mM,02,0.05950000000000001
153.41666666666666,50min,50mM,02,0.0596
153.58333333333334,50min,50mM,02,0.059399999999999994
153.75,50min,50mM,02,0.05969999999999999
153.91666666666666,50min,50mM,02,0.05950000000000001
154.08333333333334,50min,50mM,02,0.059399999999999994
154.25,50min,50mM,02,0.05969999999999999
154.41666666666666,50min,50mM,02,0.05969999999999999
154.58333333333334,50min,50mM,02,0.059800000000000006
154.75,50min,50mM,02,0.059800000000000006
154.91666666666666,50min,50mM,02,0.059899999999999995
155.08333333333334,50min,50mM,02,0.05950000000000001
155.25,50min,50mM,02,0.059800000000000006
155.4,50min,50mM,02,0.059800000000000006
155.56666666666666,50min,50mM,02,0.0596
155.73333333333335,50min,50mM,02,0.05950000000000001
155.9,50min,50mM,02,0.0591
156.06666666666666,50min,50mM,02,0.059800000000000006
156.23333333333335,50min,50mM,02,0.059899999999999995
156.4,50min,50mM,02,0.0596
156.56666666666666,50min,50mM,02,0.05950000000000001
156.73333333333335,50min,50mM,02,0.05969999999999999
156.9,50min,50mM,02,0.059800000000000006
157.06666666666666,50min,50mM,02,0.059899999999999995
157.23333333333335,50min,50mM,02,0.05969999999999999
157.4,50min,50mM,02,0.0596
157.55,50min,50mM,02,0.05969999999999999
157.71666666666667,50min,50mM,02,0.059800000000000006
157.88333333333333,50min,50mM,02,0.059800000000000006
158.05,50min,50mM,02,0.05969999999999999
158.21666666666667,50min,50mM,02,0.05950000000000001
158.38333333333333,50min,50mM,02,0.05969999999999999
158.55,50min,50mM,02,0.0591
158.71666666666667,50min,50mM,02,0.059899999999999995
158.88333333333333,50min,50mM,02,0.059800000000000006
159.05,50min,50mM,02,0.059899999999999995
159.21666666666667,50min,50mM,02,0.059800000000000006
159.38333333333333,50min,50mM,02,0.059899999999999995
159.55,50min,50mM,02,0.059899999999999995
